-- phpMyAdmin SQL Dump
-- version 4.4.14
-- http://www.phpmyadmin.net
--
-- Servidor: 127.0.0.1
-- Tiempo de generación: 14-04-2016 a las 20:58:05
-- Versión del servidor: 5.6.26
-- Versión de PHP: 5.6.12

SET SQL_MODE = "NO_AUTO_VALUE_ON_ZERO";
SET time_zone = "+00:00";


/*!40101 SET @OLD_CHARACTER_SET_CLIENT=@@CHARACTER_SET_CLIENT */;
/*!40101 SET @OLD_CHARACTER_SET_RESULTS=@@CHARACTER_SET_RESULTS */;
/*!40101 SET @OLD_COLLATION_CONNECTION=@@COLLATION_CONNECTION */;
/*!40101 SET NAMES utf8mb4 */;

--
-- Base de datos: `dietactive`
--
CREATE DATABASE IF NOT EXISTS `dietactive` DEFAULT CHARACTER SET utf8 COLLATE utf8_spanish_ci;
USE `dietactive`;

-- --------------------------------------------------------

--
-- Estructura de tabla para la tabla `actividadfisica`
--

CREATE TABLE IF NOT EXISTS `actividadfisica` (
  `id` int(11) NOT NULL,
  `nombre` varchar(100) COLLATE utf8_spanish_ci NOT NULL,
  `descripcion` text COLLATE utf8_spanish_ci NOT NULL
) ENGINE=InnoDB AUTO_INCREMENT=5 DEFAULT CHARSET=utf8 COLLATE=utf8_spanish_ci;

--
-- Volcado de datos para la tabla `actividadfisica`
--

INSERT INTO `actividadfisica` (`id`, `nombre`, `descripcion`) VALUES
(1, 'Muy ligera', ''),
(2, 'Ligera', ''),
(3, 'Moderada', ''),
(4, 'Intensa', '');

-- --------------------------------------------------------

--
-- Estructura de tabla para la tabla `alimento`
--

CREATE TABLE IF NOT EXISTS `alimento` (
  `id` int(11) NOT NULL,
  `idtipoalimento` int(11) NOT NULL,
  `alimento` varchar(300) COLLATE utf8_spanish_ci NOT NULL,
  `comestible` int(11) NOT NULL,
  `energia` int(11) NOT NULL,
  `proteinas` decimal(10,2) NOT NULL,
  `lipidos` decimal(10,2) NOT NULL,
  `ags` decimal(10,2) NOT NULL,
  `agm` decimal(10,2) NOT NULL,
  `agp` decimal(10,2) NOT NULL,
  `colesterol` decimal(10,2) NOT NULL,
  `glucidos` decimal(10,2) NOT NULL,
  `fibra` decimal(10,2) NOT NULL,
  `sodio` decimal(10,2) NOT NULL,
  `potasio` decimal(10,2) NOT NULL,
  `calcio` decimal(10,2) NOT NULL,
  `magnesio` decimal(10,2) NOT NULL,
  `fosforo` decimal(10,2) NOT NULL,
  `hierro` decimal(10,2) NOT NULL,
  `zinc` decimal(10,2) NOT NULL,
  `yodo` decimal(10,2) NOT NULL,
  `b1` decimal(10,2) NOT NULL,
  `b2` decimal(10,2) NOT NULL,
  `b6` decimal(10,2) NOT NULL,
  `b12` decimal(10,2) NOT NULL,
  `b9` decimal(10,2) NOT NULL,
  `b3` decimal(10,2) NOT NULL,
  `c` decimal(10,2) NOT NULL,
  `a` decimal(10,2) NOT NULL,
  `d` decimal(10,2) NOT NULL,
  `e` decimal(10,2) NOT NULL
) ENGINE=InnoDB AUTO_INCREMENT=294 DEFAULT CHARSET=utf8 COLLATE=utf8_spanish_ci;

--
-- Volcado de datos para la tabla `alimento`
--

INSERT INTO `alimento` (`id`, `idtipoalimento`, `alimento`, `comestible`, `energia`, `proteinas`, `lipidos`, `ags`, `agm`, `agp`, `colesterol`, `glucidos`, `fibra`, `sodio`, `potasio`, `calcio`, `magnesio`, `fosforo`, `hierro`, `zinc`, `yodo`, `b1`, `b2`, `b6`, `b12`, `b9`, `b3`, `c`, `a`, `d`, `e`) VALUES
(1, 1, 'Actimel', 100, 90, '2.90', '1.60', '0.00', '0.00', '0.00', '0.00', '17.00', '0.00', '0.00', '0.00', '105.00', '0.00', '103.00', '0.00', '0.00', '0.00', '0.00', '0.08', '0.00', '0.20', '2.60', '0.00', '0.00', '3.90', '0.03', '0.00'),
(2, 1, 'Batido de cacao', 100, 78, '3.00', '2.00', '0.00', '0.00', '0.00', '0.00', '12.80', '0.00', '0.00', '0.00', '137.00', '15.00', '90.00', '0.21', '0.00', '0.00', '0.03', '0.19', '0.04', '0.20', '1.69', '0.08', '0.09', '22.24', '0.01', '0.05'),
(3, 1, 'Batido de fresa', 100, 62, '2.80', '1.00', '0.00', '0.00', '0.00', '0.00', '11.22', '0.00', '0.00', '0.00', '110.00', '11.31', '90.00', '0.09', '0.00', '0.00', '0.04', '0.19', '0.04', '0.20', '1.72', '0.09', '0.09', '22.63', '0.01', '0.04'),
(4, 1, 'Batido de vainilla', 100, 59, '2.90', '1.00', '0.00', '0.00', '0.00', '0.00', '10.30', '0.00', '0.00', '0.00', '110.00', '15.05', '90.00', '0.09', '0.00', '0.00', '0.04', '0.19', '0.04', '0.20', '1.73', '0.09', '0.09', '22.80', '0.01', '0.04'),
(5, 2, 'Leche desnatada ', 100, 34, '3.30', '0.30', '0.00', '0.00', '0.00', '0.00', '4.90', '0.00', '0.00', '0.00', '110.00', '12.50', '100.00', '0.10', '0.00', '0.00', '0.04', '0.19', '0.05', '0.20', '1.20', '0.09', '0.10', '48.00', '0.30', '0.01'),
(6, 2, 'Leche estéril entera ', 100, 62, '3.10', '3.60', '0.00', '0.00', '0.00', '0.00', '4.50', '0.00', '0.00', '0.00', '110.00', '12.50', '100.00', '0.10', '0.00', '0.00', '0.03', '0.15', '0.04', '0.20', '0.10', '0.90', '0.08', '48.00', '0.03', '0.10'),
(7, 2, 'Leche semidesnatada', 100, 51, '3.90', '1.60', '0.00', '0.00', '0.00', '0.00', '5.60', '0.00', '0.00', '0.00', '160.00', '14.86', '128.00', '0.23', '0.00', '0.00', '0.05', '0.19', '0.06', '0.20', '0.00', '0.00', '0.36', '48.00', '0.30', '0.05'),
(8, 2, 'Leche de soja', 100, 30, '2.90', '1.90', '0.30', '0.40', '1.10', '0.00', '0.80', '0.00', '32.00', '120.00', '13.00', '15.00', '47.00', '0.40', '0.20', '0.00', '0.06', '0.03', '0.07', '0.00', '0.00', '0.00', '0.00', '0.00', '0.00', '0.74'),
(9, 3, 'Cacao Soluble (tipo Nesquik)', 100, 375, '4.20', '3.50', '1.90', '1.30', '0.20', '0.00', '87.14', '7.00', '32.00', '902.00', '132.00', '101.00', '142.00', '4.10', '0.00', '0.00', '0.02', '0.06', '0.02', '0.00', '0.00', '0.40', '0.00', '0.00', '0.00', '0.20'),
(10, 3, 'Cacao en Polvo (tipo colacao)', 100, 380, '9.80', '8.10', '4.47', '2.56', '0.25', '0.00', '71.57', '1.20', '40.00', '550.00', '200.00', '140.00', '210.00', '4.40', '0.00', '0.00', '0.04', '0.14', '0.03', '0.00', '38.00', '2.60', '0.00', '1.00', '0.00', '0.13'),
(11, 3, 'Eko Cereales', 100, 363, '5.70', '0.42', '0.10', '0.00', '0.30', '0.00', '89.70', '2.30', '0.00', '0.00', '86.00', '71.00', '332.00', '1.90', '0.90', '0.00', '0.00', '0.00', '0.00', '0.00', '0.00', '0.00', '0.00', '0.00', '0.00', '0.00'),
(12, 3, 'Café (normal y descafeinado)', 100, 294, '10.40', '15.40', '0.00', '0.00', '0.00', '0.00', '30.40', '0.00', '130.00', '2020.00', '74.00', '240.00', '160.00', '4.10', '0.00', '0.00', '0.00', '0.20', '0.00', '0.00', '0.00', '10.00', '0.00', '0.00', '0.00', '0.00'),
(13, 4, 'Zumo de frutas del bosque', 100, 47, '0.40', '0.00', '0.00', '0.00', '0.00', '0.00', '12.00', '0.00', '7.30', '98.30', '17.90', '15.20', '38.10', '0.39', '0.18', '0.00', '0.00', '0.00', '0.01', '1.00', '0.78', '0.00', '0.00', '0.00', '0.00', '0.00'),
(14, 4, 'Zumo de frutas multifruta', 100, 46, '0.30', '0.00', '0.00', '0.00', '0.00', '0.00', '12.00', '0.00', '4.30', '201.30', '19.30', '11.40', '38.30', '0.43', '0.25', '0.00', '0.04', '0.00', '0.55', '0.78', '5.43', '0.00', '0.00', '0.00', '0.00', '0.07'),
(15, 4, 'Zumo de manzana', 100, 45, '0.07', '0.10', '0.00', '0.00', '0.00', '0.00', '11.80', '0.01', '2.12', '116.00', '6.90', '4.20', '7.00', '0.26', '0.12', '0.00', '0.02', '0.02', '0.04', '0.00', '3.00', '0.10', '1.40', '0.00', '0.00', '0.00'),
(16, 4, 'Zumo de melocotón', 100, 61, '1.07', '0.14', '0.02', '0.05', '0.06', '0.00', '14.90', '0.75', '8.00', '241.00', '6.00', '12.00', '25.00', '0.77', '0.22', '0.00', '0.02', '0.05', '0.05', '0.00', '8.20', '1.27', '7.00', '21.67', '0.00', '0.00'),
(17, 4, 'Zumo de melocotón y uva ', 100, 47, '0.60', '0.00', '0.00', '0.00', '0.00', '0.00', '12.00', '0.00', '3.30', '97.70', '13.40', '10.50', '24.20', '0.41', '0.24', '0.00', '0.00', '0.00', '0.03', '0.48', '7.41', '0.00', '0.00', '6.42', '0.00', '1.17'),
(18, 4, 'Zumo de naranja comercial', 100, 42, '0.50', '0.23', '0.00', '0.00', '0.00', '0.00', '10.16', '0.10', '5.00', '150.00', '10.00', '9.00', '15.00', '0.30', '0.12', '2.00', '0.08', '0.02', '0.05', '0.00', '20.00', '0.30', '39.00', '13.00', '0.00', '0.12'),
(19, 4, 'Zumo de naranja natural', 100, 41, '0.60', '0.10', '0.00', '0.00', '0.00', '0.00', '10.00', '0.10', '1.00', '166.00', '15.50', '10.00', '19.00', '0.20', '0.17', '2.00', '0.08', '0.03', '0.04', '0.00', '37.00', '0.30', '40.00', '10.00', '0.00', '0.09'),
(20, 4, 'Zumo de piña', 100, 48, '0.40', '0.10', '0.00', '0.00', '0.00', '0.00', '12.08', '0.10', '1.00', '140.00', '12.00', '12.00', '10.00', '0.70', '0.10', '0.00', '0.05', '0.02', '0.10', '0.00', '7.50', '0.20', '10.00', '5.00', '0.00', '0.03'),
(21, 4, 'Zumo de piña y uva', 100, 51, '0.60', '0.00', '0.00', '0.00', '0.00', '0.00', '13.00', '0.00', '7.30', '117.20', '15.40', '12.30', '25.60', '0.19', '0.20', '0.00', '0.05', '0.00', '0.04', '0.51', '1.04', '0.00', '2.70', '1.03', '0.00', '0.04'),
(22, 4, 'Zumo de tomate', 100, 21, '1.00', '0.20', '0.00', '0.00', '0.00', '0.00', '4.00', '0.46', '250.00', '237.50', '7.00', '10.00', '19.00', '0.40', '0.09', '2.00', '0.05', '0.03', '0.11', '0.00', '13.00', '0.80', '16.00', '33.33', '0.00', '0.75'),
(23, 5, 'Arroz inflado chocolateado', 100, 358, '5.30', '1.00', '0.00', '0.00', '0.00', '0.00', '87.40', '0.80', '880.00', '186.00', '34.50', '50.00', '142.00', '6.70', '18.70', '0.00', '1.00', '1.50', '1.80', '0.17', '0.00', '0.00', '0.00', '0.00', '2.80', '18.70'),
(24, 5, 'Avena', 100, 378, '16.89', '6.90', '1.22', '2.18', '2.53', '0.00', '66.27', '10.60', '2.00', '429.00', '54.00', '177.00', '523.00', '4.72', '3.97', '6.00', '0.76', '0.14', '0.12', '0.00', '60.00', '0.96', '0.00', '0.00', '0.00', '0.70'),
(25, 5, 'Cereales tipo AllBran ', 100, 265, '13.00', '4.50', '0.50', '0.00', '0.00', '0.00', '46.00', '29.00', '800.00', '0.00', '8.80', '0.00', '0.00', '340.00', '0.00', '0.00', '0.90', '1.00', '1.30', '0.60', '250.00', '11.30', '0.00', '0.00', '3.10', '0.00'),
(26, 5, 'Cereales tipo Golden Grahams', 100, 354, '6.00', '3.00', '1.80', '0.00', '0.00', '0.00', '80.80', '3.40', '1000.00', '0.00', '267.00', '0.00', '170.00', '11.90', '0.00', '0.00', '1.20', '1.40', '1.70', '0.85', '170.00', '15.30', '51.00', '0.00', '0.00', '0.00'),
(27, 5, 'Cereales tipo Fitness ', 100, 339, '7.50', '1.30', '0.40', '0.00', '0.00', '0.00', '79.20', '6.50', '600.00', '0.00', '500.00', '50.00', '120.00', '24.00', '0.00', '0.00', '2.40', '2.70', '3.40', '1.70', '340.00', '31.00', '102.00', '0.00', '0.00', '17.00'),
(28, 5, 'Copos de maíz tostados', 100, 355, '7.40', '1.60', '0.21', '0.41', '0.98', '0.00', '83.00', '1.80', '0.90', '0.00', '0.00', '0.00', '0.00', '0.00', '0.00', '0.00', '0.00', '1.60', '0.00', '0.85', '200.00', '15.30', '51.00', '0.00', '4.25', '1.20'),
(29, 5, 'Copos de maiz tostados y azucarados', 100, 353, '4.50', '0.50', '0.20', '0.00', '0.00', '0.00', '88.00', '1.50', '700.00', '0.00', '453.00', '0.00', '0.00', '7.90', '0.00', '0.00', '1.20', '1.30', '1.70', '0.80', '167.00', '15.00', '0.00', '0.00', '4.20', '0.00'),
(30, 5, 'Copos tostados de arroz y trigo tipo Special K', 100, 354, '16.00', '1.00', '0.30', '0.00', '0.00', '0.00', '75.00', '2.50', '800.00', '0.00', '0.00', '0.00', '0.00', '23.30', '0.00', '0.00', '2.30', '2.70', '3.30', '1.70', '333.00', '30.00', '100.00', '0.00', '8.30', '0.00'),
(31, 5, 'Galletas tipo Choco Flakes', 100, 409, '5.92', '10.61', '4.94', '3.99', '1.08', '0.00', '77.20', '1.26', '300.00', '0.00', '120.00', '0.00', '0.00', '4.00', '0.00', '0.00', '0.50', '0.80', '0.90', '0.00', '0.00', '9.00', '0.00', '184.00', '0.85', '4.50'),
(32, 5, 'Maíz tipo Miel Pops', 100, 360, '5.00', '1.50', '0.30', '0.00', '0.00', '0.00', '87.00', '1.50', '500.00', '0.00', '453.00', '0.00', '0.00', '7.90', '0.00', '0.00', '1.20', '1.30', '1.70', '0.80', '167.00', '15.00', '0.00', '0.00', '4.20', '0.00'),
(33, 5, 'Muesli', 100, 332, '9.00', '7.00', '0.90', '0.00', '0.00', '0.00', '62.00', '10.00', '100.00', '0.00', '0.00', '70.00', '250.00', '0.00', '0.00', '0.00', '0.00', '0.00', '0.00', '0.00', '0.00', '0.00', '0.00', '0.00', '0.00', '0.00'),
(34, 5, 'Trigo inflado con miel', 100, 367, '5.70', '1.60', '0.34', '0.76', '0.44', '0.00', '88.00', '1.50', '0.10', '0.00', '0.00', '0.00', '0.00', '10.00', '0.00', '0.00', '1.20', '1.60', '1.70', '0.85', '200.00', '15.30', '51.00', '0.00', '4.25', '0.00'),
(35, 5, 'Trigo integral con frutas y frutos secos', 100, 343, '8.00', '5.00', '2.50', '0.00', '0.00', '0.00', '71.00', '9.00', '600.00', '0.00', '0.00', '60.00', '60.00', '8.80', '0.00', '0.00', '0.90', '1.00', '1.30', '0.65', '250.00', '11.30', '0.00', '0.00', '0.00', '0.00'),
(36, 6, 'Medias noches', 100, 264, '6.49', '4.66', '0.98', '2.14', '1.53', '0.00', '52.34', '2.92', '198.20', '0.00', '23.90', '35.40', '94.40', '2.40', '1.90', '0.00', '0.27', '0.15', '0.10', '0.89', '42.20', '0.00', '0.00', '4.60', '0.00', '0.29'),
(37, 6, 'Pan blanco', 100, 244, '9.00', '1.60', '0.39', '0.28', '0.34', '0.00', '51.50', '3.50', '520.00', '110.00', '56.00', '25.10', '91.00', '1.60', '0.60', '4.00', '0.08', '0.05', '0.06', '0.00', '29.00', '1.70', '0.00', '0.00', '0.00', '0.00'),
(38, 6, 'Pan de molde', 100, 255, '5.52', '3.74', '0.74', '1.83', '1.12', '0.00', '53.25', '4.52', '194.20', '78.80', '22.40', '33.90', '78.20', '2.30', '1.90', '0.00', '0.25', '0.15', '0.10', '0.24', '38.30', '0.00', '0.00', '3.51', '0.00', '0.21'),
(39, 6, 'Pan de molde integral', 100, 228, '9.00', '3.00', '0.70', '1.40', '0.80', '0.00', '44.00', '6.00', '570.00', '230.00', '63.00', '78.00', '200.00', '2.90', '1.90', '0.00', '0.38', '0.09', '0.12', '0.00', '43.00', '4.10', '0.00', '0.00', '0.00', '0.20'),
(40, 6, 'Pan de viena', 100, 257, '8.80', '3.00', '0.64', '1.21', '0.69', '0.00', '51.90', '3.00', '609.00', '113.00', '75.00', '27.00', '105.00', '2.53', '0.87', '6.00', '0.52', '0.33', '0.04', '0.00', '95.00', '3.50', '0.00', '0.00', '0.00', '0.28'),
(41, 6, 'Pan integral tostado', 100, 252, '10.80', '2.90', '0.60', '0.60', '0.90', '0.00', '48.70', '8.70', '640.00', '270.00', '63.00', '89.00', '230.00', '3.20', '2.10', '0.00', '0.34', '0.10', '0.14', '0.00', '46.00', '6.90', '0.00', '0.00', '0.00', '0.20'),
(42, 6, 'Picos', 100, 367, '10.84', '2.80', '0.00', '0.00', '0.00', '0.00', '79.60', '0.00', '0.00', '0.00', '0.00', '0.00', '0.00', '0.00', '0.00', '0.00', '0.00', '0.00', '0.00', '0.00', '0.00', '0.00', '0.00', '0.00', '0.00', '0.00'),
(43, 7, 'Arroz con leche', 100, 108, '3.40', '1.90', '0.00', '0.00', '0.00', '0.00', '20.50', '0.00', '38.00', '138.00', '105.00', '14.00', '95.00', '0.16', '0.28', '0.00', '0.00', '0.13', '0.09', '0.24', '4.60', '0.00', '0.00', '15.10', '0.10', '0.00'),
(44, 7, 'Crema catalana', 100, 173, '3.60', '9.10', '0.00', '0.00', '0.00', '0.00', '20.50', '0.00', '0.00', '124.00', '105.00', '13.00', '124.00', '0.95', '0.67', '0.00', '0.00', '0.16', '0.15', '0.71', '8.80', '0.00', '0.00', '147.50', '0.83', '0.00'),
(45, 7, 'Cuajada', 100, 91, '4.90', '5.12', '0.00', '0.00', '0.00', '0.00', '6.70', '0.00', '64.00', '217.00', '178.00', '15.00', '129.00', '0.00', '0.49', '0.00', '0.00', '0.22', '0.12', '0.30', '5.10', '0.00', '0.00', '38.20', '0.21', '0.00'),
(46, 7, 'Danup natural azucarado', 100, 309, '3.00', '2.10', '0.00', '0.00', '0.00', '0.00', '11.60', '0.00', '43.00', '145.00', '115.00', '13.00', '90.00', '0.10', '0.30', '0.00', '0.00', '0.15', '0.07', '0.30', '5.00', '0.00', '0.00', '17.40', '0.12', '0.00'),
(47, 7, 'Flan de huevo', 100, 122, '4.50', '2.30', '0.00', '0.00', '0.00', '0.00', '22.10', '0.00', '60.00', '117.00', '88.00', '12.00', '103.00', '0.71', '0.52', '0.00', '0.00', '0.15', '0.05', '0.57', '8.60', '0.00', '0.00', '70.10', '0.42', '0.00'),
(48, 7, 'Helados', 100, 184, '4.50', '7.90', '4.00', '2.90', '0.70', '21.00', '25.40', '0.00', '64.00', '180.00', '150.00', '13.00', '120.00', '0.20', '0.40', '0.00', '0.05', '0.18', '0.03', '0.30', '4.00', '1.00', '1.00', '480.00', '0.10', '0.17'),
(49, 7, 'Kefir', 100, 63, '3.30', '3.50', '0.00', '0.00', '0.00', '0.00', '4.80', '0.00', '46.00', '160.00', '0.00', '14.00', '90.00', '0.13', '0.00', '0.00', '0.00', '0.00', '0.00', '0.00', '0.00', '0.00', '0.00', '0.00', '0.00', '0.00'),
(50, 7, 'Natillas', 100, 119, '3.30', '4.10', '0.00', '0.00', '0.00', '0.00', '18.40', '0.00', '44.00', '164.00', '127.00', '15.00', '98.00', '0.17', '0.40', '0.00', '0.00', '0.16', '0.18', '0.26', '4.30', '0.00', '0.00', '31.10', '0.18', '0.00'),
(51, 7, 'Natilla de chocolate ', 100, 129, '3.60', '4.20', '0.00', '0.00', '0.00', '0.00', '20.60', '0.00', '64.00', '215.00', '117.00', '23.00', '104.00', '0.69', '0.37', '0.00', '0.00', '0.16', '0.16', '0.25', '4.10', '0.00', '0.00', '33.30', '0.18', '0.00'),
(52, 7, 'Petit suisse', 100, 164, '7.50', '8.40', '0.00', '0.00', '0.00', '0.00', '15.57', '0.00', '40.00', '200.00', '110.00', '0.00', '165.00', '0.00', '0.00', '0.00', '0.00', '0.14', '0.00', '0.30', '4.00', '0.00', '0.00', '68.80', '0.20', '0.00'),
(53, 7, 'Queso blanco', 100, 69, '12.39', '1.02', '0.64', '0.29', '0.03', '4.00', '2.79', '0.00', '0.00', '86.00', '61.00', '5.00', '134.00', '0.14', '0.38', '0.00', '0.02', '0.16', '0.07', '0.63', '12.00', '3.20', '0.00', '11.00', '0.10', '0.11'),
(54, 7, 'Queso de Burgos', 100, 203, '15.00', '14.80', '8.80', '4.30', '0.89', '14.50', '2.50', '0.00', '1200.00', '200.00', '186.00', '24.40', '600.00', '0.62', '2.00', '4.80', '0.02', '0.17', '0.08', '0.66', '14.30', '1.20', '0.00', '261.00', '0.00', '0.56'),
(55, 7, 'Queso Cammembert', 100, 297, '20.90', '23.70', '14.80', '6.90', '0.70', '75.00', '0.00', '0.00', '650.00', '100.00', '350.00', '21.00', '310.00', '0.20', '2.70', '0.00', '0.05', '0.52', '0.22', '1.10', '102.00', '5.90', '0.00', '230.00', '0.18', '0.65'),
(56, 7, 'Queso Cheddar', 100, 390, '20.00', '34.40', '21.70', '9.40', '1.40', '110.00', '0.00', '0.00', '700.00', '100.00', '740.00', '28.00', '470.00', '0.40', '2.30', '12.00', '0.04', '0.50', '0.08', '1.50', '20.00', '6.10', '0.00', '412.50', '0.26', '0.60'),
(57, 7, 'Queso Manchego curado', 95, 451, '35.77', '34.00', '21.30', '9.90', '1.00', '74.40', '0.51', '0.00', '620.00', '82.00', '848.00', '33.50', '470.00', '0.75', '3.20', '4.10', '0.04', '0.33', '0.20', '1.50', '21.80', '8.20', '0.00', '234.00', '0.90', '0.61'),
(58, 7, 'Queso roquefort', 100, 370, '18.70', '32.80', '20.60', '9.10', '1.40', '100.00', '0.00', '0.00', '1600.00', '120.00', '600.00', '25.00', '445.00', '0.50', '2.08', '0.00', '0.04', '0.06', '0.12', '0.60', '49.00', '5.20', '0.00', '309.00', '0.20', '0.77'),
(59, 7, 'Queso semigraso', 100, 245, '36.20', '9.90', '3.07', '0.00', '0.00', '0.00', '3.00', '0.00', '88.00', '131.00', '961.00', '42.00', '610.00', '1.00', '0.00', '0.00', '0.03', '0.31', '0.00', '0.00', '0.00', '0.10', '0.00', '120.00', '0.00', '0.00'),
(60, 7, 'Requesón', 100, 101, '12.49', '4.51', '0.00', '1.28', '0.14', '15.00', '2.68', '0.00', '405.00', '84.00', '60.00', '5.00', '132.00', '0.14', '0.03', '0.00', '0.02', '0.16', '0.07', '0.62', '12.00', '3.30', '0.00', '48.00', '0.03', '0.12'),
(61, 7, 'Yogur con Frutas', 100, 79, '3.10', '1.80', '0.00', '0.00', '0.00', '0.00', '13.40', '0.20', '116.00', '133.00', '45.00', '0.00', '140.00', '0.00', '0.00', '0.00', '0.00', '0.00', '0.00', '0.20', '3.00', '0.00', '0.00', '18.40', '0.05', '0.00'),
(62, 7, 'Yogur Desnatado', 100, 37, '4.50', '0.10', '0.00', '0.00', '0.00', '0.00', '4.80', '0.00', '149.00', '191.00', '65.00', '17.00', '123.00', '0.12', '0.40', '0.00', '0.00', '0.19', '0.10', '0.30', '5.00', '0.00', '0.00', '0.30', '0.00', '0.00'),
(63, 7, 'Yogurt liquido', 100, 70, '2.90', '1.20', '0.80', '0.30', '0.00', '0.00', '12.80', '0.00', '47.00', '138.00', '110.00', '11.00', '81.00', '0.10', '0.00', '0.00', '0.03', '0.16', '0.05', '0.20', '12.00', '0.80', '0.00', '2.00', '0.00', '0.00'),
(64, 7, 'Yogurt natural', 100, 62, '3.47', '3.27', '2.10', '0.89', '0.09', '13.00', '4.66', '0.00', '46.00', '155.00', '121.00', '12.00', '95.00', '0.05', '0.59', '3.70', '0.03', '0.14', '0.03', '0.37', '7.00', '1.50', '0.50', '30.00', '0.04', '0.09'),
(65, 7, 'Yogur sabores', 100, 82, '3.40', '1.90', '0.00', '0.00', '0.00', '5.10', '13.80', '0.00', '49.00', '1.56', '131.00', '14.00', '102.00', '0.10', '0.31', '0.00', '0.00', '0.15', '0.07', '0.07', '4.00', '0.10', '0.00', '15.30', '0.60', '0.00'),
(66, 8, 'Galletas de chocolate', 100, 524, '5.70', '27.60', '16.70', '8.00', '1.10', '22.00', '67.40', '2.10', '160.00', '230.00', '110.00', '42.00', '130.00', '1.70', '0.80', '0.00', '0.03', '0.13', '0.04', '0.00', '0.00', '1.70', '0.00', '0.00', '0.00', '1.43'),
(67, 8, 'Galletas desayuno', 100, 449, '6.80', '13.40', '0.00', '0.00', '0.00', '0.00', '80.21', '0.00', '816.00', '172.50', '102.90', '25.60', '0.00', '1.90', '0.60', '0.00', '0.12', '0.08', '0.08', '0.00', '0.00', '1.50', '0.00', '0.00', '0.00', '0.00'),
(68, 8, 'Galletas tipo Digestive', 100, 471, '6.30', '20.90', '8.60', '9.60', '1.70', '41.00', '68.60', '2.20', '450.00', '210.00', '92.00', '41.00', '130.00', '3.20', '0.50', '0.00', '0.14', '0.11', '0.09', '0.00', '13.00', '2.40', '0.09', '0.00', '0.00', '3.20'),
(69, 8, 'Galletas tipo Maria', 100, 460, '7.50', '19.00', '9.70', '5.70', '2.50', '65.90', '69.00', '3.10', '220.00', '92.00', '117.50', '25.00', '82.00', '2.00', '0.59', '28.00', '0.10', '0.08', '0.08', '0.00', '0.00', '0.00', '0.00', '0.00', '2.20', '2.30'),
(70, 9, 'Bizcocho', 100, 334, '4.70', '2.90', '1.30', '1.10', '0.30', '67.00', '77.20', '1.00', '510.00', '89.00', '73.00', '10.00', '340.00', '0.80', '0.40', '10.00', '0.26', '0.01', '0.04', '0.01', '12.00', '1.70', '0.00', '275.00', '2.80', '2.83'),
(71, 9, 'Bizcocho de chocolate', 100, 456, '7.40', '26.40', '0.00', '0.00', '0.00', '121.00', '50.40', '3.80', '430.00', '190.00', '75.00', '46.00', '210.00', '1.90', '1.20', '34.00', '0.09', '0.12', '0.06', '1.00', '11.00', '2.50', '0.00', '270.00', '2.46', '2.72'),
(72, 9, 'Bollucao', 100, 386, '3.70', '16.44', '2.17', '5.00', '9.10', '0.00', '59.56', '7.15', '497.70', '0.00', '79.40', '19.80', '0.00', '3.90', '2.30', '0.00', '0.04', '0.10', '0.05', '3.23', '63.41', '0.00', '0.00', '2.96', '5.51', '5.51'),
(73, 9, 'Círculo rojo', 100, 340, '5.80', '10.70', '0.00', '0.00', '0.00', '0.00', '55.20', '0.00', '0.00', '0.00', '0.00', '0.00', '0.00', '0.00', '0.00', '0.00', '0.00', '0.00', '0.00', '0.00', '0.00', '0.00', '0.00', '0.00', '0.00', '0.00'),
(74, 9, 'Croissant', 100, 360, '8.30', '20.30', '6.50', '8.10', '4.90', '75.00', '38.30', '2.50', '390.00', '140.00', '80.00', '26.00', '130.00', '2.00', '0.90', '0.00', '0.18', '0.16', '0.11', '0.16', '73.00', '3.80', '0.20', '21.00', '0.20', '0.00'),
(75, 9, 'Croissant de chocolate', 100, 456, '5.60', '15.20', '6.62', '5.77', '1.28', '130.00', '79.10', '3.00', '110.00', '170.00', '82.00', '16.00', '87.00', '4.00', '2.00', '0.00', '0.11', '0.03', '0.07', '0.00', '4.00', '0.90', '0.00', '0.13', '0.00', '0.00'),
(76, 9, 'Donettes', 100, 447, '6.17', '27.01', '13.50', '9.30', '4.07', '0.00', '47.81', '20.17', '519.20', '114.30', '98.30', '20.20', '0.00', '3.90', '3.70', '0.00', '0.75', '0.15', '0.05', '2.43', '24.44', '0.00', '0.00', '7.42', '0.00', '1.66'),
(77, 9, 'Donuts de chocolate', 100, 463, '3.76', '31.69', '18.00', '10.90', '2.66', '0.00', '43.51', '12.41', '440.60', '103.40', '97.50', '19.30', '107.30', '0.00', '3.30', '0.00', '0.06', '0.08', '0.04', '1.99', '24.17', '0.00', '0.00', '0.00', '0.00', '0.89'),
(78, 9, 'Donuts normales', 100, 446, '4.36', '27.62', '12.70', '11.50', '3.34', '0.00', '47.99', '11.58', '443.10', '97.10', '95.30', '20.20', '89.20', '4.30', '3.50', '0.00', '0.11', '0.60', '0.04', '1.73', '30.42', '0.00', '2.20', '3.61', '0.00', '1.81'),
(79, 9, 'Ensaimadas', 100, 466, '8.00', '26.00', '0.00', '0.00', '0.00', '0.00', '53.33', '0.00', '0.00', '0.00', '0.00', '0.00', '0.00', '0.00', '0.00', '0.00', '0.00', '0.00', '0.00', '0.00', '0.00', '0.00', '0.00', '0.00', '0.00', '0.00'),
(80, 9, 'Magdalenas', 100, 469, '6.40', '22.80', '12.40', '8.10', '0.90', '130.00', '65.50', '2.50', '500.00', '90.00', '82.00', '10.00', '84.00', '1.50', '2.00', '0.00', '0.14', '0.06', '0.07', '0.00', '7.00', '1.00', '0.00', '240.00', '2.00', '0.70'),
(81, 9, 'Napolitanas rellenas con crema de cacao', 100, 451, '5.20', '27.00', '4.50', '6.20', '15.00', '0.00', '49.00', '0.00', '0.00', '0.00', '0.00', '0.00', '0.00', '0.00', '0.00', '0.00', '0.00', '0.00', '0.00', '0.00', '0.00', '0.00', '0.00', '0.00', '0.00', '0.00'),
(82, 9, 'Palmeritas', 100, 512, '5.30', '27.50', '0.00', '0.00', '0.00', '0.00', '64.85', '0.00', '0.00', '0.00', '0.00', '0.00', '0.00', '0.00', '0.00', '0.00', '0.00', '0.00', '0.00', '0.00', '0.00', '0.00', '0.00', '0.00', '0.00', '0.00'),
(83, 9, 'Pan de leche', 100, 410, '10.00', '18.30', '4.40', '0.00', '0.00', '0.00', '52.10', '2.30', '174.00', '0.00', '128.00', '0.00', '0.00', '0.00', '0.00', '0.00', '0.00', '0.00', '0.00', '0.00', '0.00', '0.00', '0.00', '0.00', '0.00', '0.00'),
(84, 9, 'Pastel de manzana', 100, 301, '3.60', '15.10', '6.53', '5.78', '0.00', '130.00', '40.10', '2.50', '626.00', '117.00', '82.00', '35.00', '87.00', '4.00', '2.00', '5.00', '0.10', '0.03', '0.07', '0.00', '7.00', '0.90', '0.00', '37.00', '0.34', '0.52'),
(85, 9, 'Torta de aceite de Inés Rosales', 100, 541, '7.00', '32.00', '0.00', '0.00', '0.00', '0.00', '60.00', '0.00', '0.00', '0.00', '0.00', '0.00', '0.00', '0.00', '0.00', '0.00', '0.00', '0.00', '0.00', '0.00', '0.00', '0.00', '0.00', '0.00', '0.00', '0.00'),
(86, 10, 'Bombones', 100, 458, '4.80', '21.20', '12.30', '6.75', '0.74', '0.00', '66.00', '0.00', '25.00', '0.00', '121.00', '43.00', '12.00', '1.30', '0.15', '0.00', '0.06', '0.14', '0.00', '0.00', '10.00', '1.10', '0.00', '0.00', '0.10', '0.00'),
(87, 10, 'Caramelos', 100, 357, '0.80', '0.10', '0.00', '0.00', '0.00', '0.00', '94.00', '0.00', '25.00', '8.00', '5.00', '2.00', '12.00', '0.40', '0.44', '0.00', '0.01', '0.18', '0.03', '0.00', '5.00', '0.00', '0.50', '8.00', '0.00', '0.46'),
(88, 10, 'Chocolate', 100, 518, '7.80', '30.60', '18.20', '9.83', '0.93', '0.00', '56.40', '0.00', '19.00', '397.00', '40.00', '100.00', '287.00', '2.20', '0.20', '0.01', '0.16', '0.17', '0.05', '0.00', '10.00', '1.20', '0.00', '0.00', '0.00', '0.00'),
(89, 10, 'Turrón', 100, 470, '10.00', '23.90', '1.90', '16.40', '4.47', '350.00', '57.40', '7.10', '0.00', '209.00', '127.00', '129.00', '220.00', '2.10', '0.80', '0.00', '0.12', '0.33', '0.06', '0.00', '48.00', '2.60', '0.00', '0.00', '0.00', '0.00'),
(90, 11, 'Ganchitos', 100, 489, '9.90', '26.20', '0.00', '0.00', '0.00', '0.00', '56.90', '0.00', '970.00', '263.00', '45.40', '50.00', '0.00', '0.00', '0.00', '0.00', '0.00', '0.00', '0.00', '0.00', '0.00', '0.00', '0.00', '0.00', '0.00', '0.00'),
(91, 11, 'Palomitas de maiz', 100, 520, '8.40', '30.20', '0.00', '0.00', '0.00', '0.00', '57.20', '2.20', '4.00', '230.00', '10.00', '81.00', '205.00', '1.90', '0.00', '0.00', '0.25', '0.11', '0.20', '0.00', '9.00', '2.10', '0.00', '0.00', '0.00', '11.00'),
(92, 11, 'Almendra tostada', 100, 621, '21.20', '56.70', '4.23', '31.50', '13.05', '0.00', '7.00', '7.50', '14.00', '790.00', '240.00', '270.00', '560.00', '3.10', '3.30', '2.00', '0.13', '0.57', '0.09', '0.00', '36.00', '6.10', '0.00', '0.00', '0.00', '24.36'),
(93, 11, 'Avellana sin cáscara', 100, 648, '14.10', '63.50', '4.70', '50.00', '5.90', '0.00', '5.30', '8.90', '6.00', '730.00', '140.00', '160.00', '300.00', '3.20', '2.10', '17.00', '0.43', '0.16', '0.59', '0.00', '72.00', '5.90', '0.00', '0.00', '0.00', '24.98'),
(94, 11, 'Cacahuete sin cáscara', 100, 581, '27.00', '49.00', '9.20', '23.50', '14.00', '0.00', '8.50', '8.10', '3.30', '601.00', '72.00', '329.00', '432.00', '4.90', '4.30', '20.00', '0.20', '0.14', '0.50', '0.00', '110.00', '15.00', '0.00', '0.00', '0.00', '8.10'),
(95, 11, 'Castaña', 82, 170, '2.00', '2.70', '0.50', '1.00', '1.10', '0.00', '36.60', '5.50', '6.30', '384.00', '145.00', '234.00', '256.00', '5.10', '3.00', '0.00', '0.12', '0.02', '0.28', '0.00', '141.00', '0.70', '0.00', '0.00', '0.00', '0.99'),
(96, 11, 'Girasol. pepita', 100, 589, '21.50', '47.50', '4.50', '9.80', '31.00', '0.00', '20.00', '2.70', '4.10', '612.00', '121.00', '309.00', '651.00', '8.10', '6.30', '0.00', '1.90', '0.20', '0.00', '0.00', '0.00', '4.50', '0.00', '2.50', '0.00', '49.00'),
(97, 11, 'Nuez sin cáscara', 100, 688, '14.00', '68.50', '5.60', '12.40', '47.50', '0.00', '4.00', '5.20', '3.00', '903.00', '183.00', '358.00', '304.00', '5.00', '0.90', '9.00', '0.34', '0.12', '0.87', '0.00', '77.00', '1.00', '2.60', '8.00', '0.00', '6.20'),
(98, 11, 'Piñones sin cáscara', 100, 688, '14.00', '68.60', '4.60', '19.90', '41.10', '0.00', '4.00', '1.90', '2.30', '643.00', '82.00', '323.00', '710.00', '8.40', '9.80', '0.00', '0.73', '0.19', '0.11', '0.00', '58.00', '3.80', '0.00', '1.60', '0.00', '13.65'),
(99, 11, 'Pistacho', 53, 541, '20.61', '44.44', '5.54', '23.32', '13.45', '0.00', '15.66', '6.50', '16.00', '1025.00', '107.00', '121.00', '490.00', '4.15', '2.20', '0.00', '0.87', '0.16', '1.70', '0.00', '51.00', '1.45', '5.00', '55.00', '0.00', '4.58'),
(100, 12, 'Altramuz', 100, 384, '36.17', '9.74', '1.16', '3.94', '2.44', '0.00', '40.38', '0.00', '15.00', '1013.00', '176.00', '198.00', '440.00', '4.36', '4.75', '198.00', '0.64', '0.22', '0.36', '0.00', '355.00', '2.19', '4.80', '1.00', '0.00', '0.00'),
(101, 12, 'Garbanzo seco', 100, 341, '20.50', '5.50', '0.38', '1.60', '2.50', '0.00', '55.80', '13.60', '30.00', '800.00', '143.00', '122.00', '375.00', '6.80', '1.00', '1.50', '0.45', '0.14', '0.15', '0.00', '185.00', '1.70', '4.10', '3.50', '0.00', '3.10'),
(102, 12, 'Guisante hervido', 40, 59, '5.30', '0.40', '0.10', '0.00', '0.20', '0.00', '9.20', '5.00', '3.00', '190.00', '25.00', '26.00', '113.00', '1.50', '0.00', '0.00', '0.25', '0.11', '0.09', '0.00', '56.00', '2.00', '14.00', '0.00', '0.00', '0.20'),
(103, 12, 'Guisante seco', 100, 317, '21.60', '2.30', '0.77', '0.66', '0.23', '0.00', '56.00', '16.70', '40.00', '990.00', '72.00', '123.00', '330.00', '5.30', '3.50', '2.00', '0.70', '0.20', '0.13', '0.00', '33.00', '5.20', '2.00', '42.00', '0.00', '0.30'),
(104, 12, 'Haba seca', 100, 245, '26.10', '2.10', '0.30', '0.30', '1.10', '0.00', '32.50', '27.60', '11.00', '1090.00', '100.00', '190.00', '590.00', '5.50', '3.10', '0.00', '0.50', '0.26', '0.37', '0.00', '423.00', '26.00', '1.40', '5.00', '0.00', '0.09'),
(105, 12, 'Judías blancas o pintas', 100, 305, '21.40', '1.50', '0.21', '0.08', '0.82', '0.00', '54.80', '21.30', '40.00', '1160.00', '126.00', '163.00', '400.00', '6.20', '3.50', '1.60', '0.50', '0.17', '0.42', '0.00', '316.00', '2.40', '3.40', '0.00', '0.00', '0.21'),
(106, 12, 'Lenteja seca', 100, 306, '23.00', '0.96', '0.13', '0.16', '0.44', '0.00', '54.80', '11.20', '40.00', '1160.00', '126.00', '163.00', '400.00', '6.20', '3.50', '1.60', '0.47', '0.22', '0.70', '0.00', '34.20', '3.00', '3.40', '10.00', '0.00', '0.33'),
(107, 12, 'Brote de soja', 100, 149, '13.09', '6.70', '0.93', '1.52', '3.78', '0.00', '9.57', '1.10', '14.10', '484.00', '67.00', '72.00', '164.00', '2.10', '1.17', '0.00', '0.34', '0.12', '0.18', '0.00', '172.00', '1.15', '15.30', '1.00', '0.00', '0.00'),
(108, 12, 'Soja seca', 100, 370, '35.90', '18.60', '2.30', '3.50', '9.10', '0.00', '15.80', '15.70', '5.00', '1730.00', '240.00', '250.00', '660.00', '9.70', '4.30', '10.00', '0.61', '0.27', '0.38', '0.00', '370.00', '7.90', '0.00', '2.00', '0.00', '2.90'),
(109, 13, 'Agua mineral de mesa', 100, 0, '0.00', '0.00', '0.00', '0.00', '0.00', '0.00', '0.00', '0.00', '1.10', '0.30', '8.00', '1.20', '0.00', '0.00', '0.00', '0.00', '0.00', '0.00', '0.00', '0.00', '0.00', '0.00', '0.00', '0.00', '0.00', '0.00'),
(110, 13, 'Bebida gaseosa light', 100, 1, '0.01', '0.10', '0.00', '0.00', '0.00', '0.00', '0.07', '0.00', '11.00', '3.00', '9.00', '1.00', '8.00', '0.03', '0.00', '0.00', '0.01', '0.00', '0.00', '0.00', '0.00', '0.00', '0.00', '0.00', '0.00', '0.00'),
(111, 13, 'CERVEZA', 100, 45, '0.40', '0.01', '0.00', '0.00', '0.00', '0.00', '4.00', '0.00', '3.00', '40.00', '8.00', '5.00', '11.00', '0.08', '0.02', '0.00', '0.00', '0.02', '0.05', '0.14', '4.10', '0.60', '0.00', '0.00', '0.00', '0.00'),
(112, 13, 'REFRESCO DE COLA', 100, 39, '0.00', '0.00', '0.00', '0.00', '0.00', '0.00', '10.50', '0.00', '10.00', '0.00', '4.00', '1.00', '10.00', '0.00', '0.00', '0.00', '0.00', '0.00', '0.00', '0.00', '0.00', '0.00', '0.00', '0.00', '0.00', '0.00'),
(113, 13, 'SODA. SIFON', 100, 0, '0.00', '0.00', '0.00', '0.00', '0.00', '0.00', '0.00', '0.00', '0.00', '0.00', '0.00', '0.00', '0.00', '0.00', '0.00', '0.00', '0.00', '0.00', '0.00', '0.00', '0.00', '0.00', '0.00', '0.00', '0.00', '0.00'),
(114, 13, 'TÉ (INFUSIÓN)', 100, 2, '0.10', '0.00', '0.00', '0.00', '0.00', '0.00', '0.40', '0.01', '0.30', '19.00', '0.30', '1.00', '10.00', '0.20', '0.00', '0.01', '0.14', '1.20', '0.31', '0.00', '4.90', '7.50', '0.00', '0.00', '0.00', '0.00'),
(115, 13, 'VINO DULCE (MÁLAGA. ETC)', 100, 157, '0.20', '0.00', '0.00', '0.00', '0.00', '0.00', '13.00', '0.00', '0.00', '100.00', '4.00', '11.00', '10.00', '0.40', '0.00', '0.00', '0.00', '0.01', '0.01', '0.00', '0.10', '0.06', '0.00', '0.00', '0.00', '0.00'),
(116, 13, 'VINOS DE MESA', 100, 78, '0.10', '0.00', '0.00', '0.00', '0.00', '0.00', '1.10', '0.00', '10.00', '100.00', '8.70', '8.00', '20.00', '0.70', '0.10', '0.01', '0.00', '0.01', '0.02', '0.00', '0.10', '0.10', '0.00', '0.00', '0.00', '0.00'),
(117, 13, 'VINOS FINOS (JEREZ. MANZANILLA. ETC)', 100, 124, '0.10', '0.00', '0.00', '0.00', '0.00', '0.00', '3.00', '0.00', '10.00', '100.00', '8.00', '10.00', '0.00', '0.40', '0.27', '0.00', '0.00', '0.01', '0.00', '0.00', '0.10', '0.10', '0.00', '0.00', '0.00', '0.00'),
(118, 14, 'Codorniz', 70, 119, '23.00', '2.99', '0.87', '0.84', '0.77', '43.75', '0.00', '0.00', '40.00', '180.00', '15.00', '36.00', '179.00', '7.70', '2.70', '0.00', '0.13', '0.17', '0.67', '0.47', '4.00', '6.90', '5.10', '11.00', '0.00', '0.00'),
(119, 14, 'Gallina', 72, 232, '17.30', '18.10', '5.12', '7.44', '3.92', '72.00', '0.00', '0.00', '61.00', '196.00', '10.00', '18.70', '169.00', '1.00', '0.00', '0.00', '0.09', '0.14', '0.32', '0.31', '8.00', '6.40', '2.00', '0.00', '0.00', '0.30'),
(120, 14, 'Muslo de pavo', 81, 108, '20.50', '2.90', '0.97', '0.93', '0.72', '75.00', '0.00', '0.00', '86.00', '289.00', '14.00', '17.00', '195.00', '2.00', '2.40', '0.00', '0.09', '0.18', '0.47', '0.43', '9.00', '4.70', '0.00', '0.00', '0.00', '0.34'),
(121, 14, 'Pechuga de pavo', 89, 99, '21.80', '1.30', '0.40', '0.39', '0.31', '60.00', '0.00', '0.00', '46.00', '333.00', '8.00', '20.00', '210.00', '1.00', '1.80', '0.00', '0.05', '0.08', '0.46', '0.00', '7.00', '11.33', '0.00', '0.00', '0.00', '0.00'),
(122, 14, 'Hígado de pollo', 100, 124, '19.70', '3.86', '1.30', '0.95', '0.64', '300.00', '2.90', '0.00', '70.00', '172.00', '12.00', '21.00', '240.00', '7.90', '3.40', '0.00', '0.19', '2.50', '0.40', '56.00', '590.00', '10.80', '17.00', '12800.00', '0.00', '0.40'),
(123, 14, 'Pechuga de pollo', 100, 96, '21.30', '1.24', '0.33', '0.30', '0.28', '71.90', '0.00', '0.00', '65.00', '255.00', '22.80', '22.40', '196.00', '1.50', '1.40', '1.80', '0.10', '0.12', '0.35', '0.38', '4.80', '8.70', '0.00', '0.34', '0.00', '0.27'),
(124, 14, 'Clara de huevo', 100, 46, '10.52', '0.00', '0.00', '0.00', '0.00', '0.00', '1.03', '0.00', '164.00', '143.00', '6.00', '11.00', '13.00', '0.03', '0.01', '10.00', '0.01', '0.45', '0.00', '0.20', '3.00', '0.16', '0.00', '0.00', '0.00', '0.00'),
(125, 14, 'Huevo de codorniz', 90, 154, '13.05', '11.09', '3.56', '4.32', '1.32', '844.00', '0.41', '0.00', '141.00', '132.00', '64.00', '13.00', '226.00', '3.65', '1.47', '0.00', '0.13', '0.79', '0.15', '1.58', '66.00', '0.15', '0.00', '90.00', '0.00', '0.74'),
(126, 14, 'Huevo de gallina', 88, 157, '12.10', '12.10', '3.30', '4.90', '1.80', '410.00', '0.00', '0.00', '140.00', '140.00', '56.20', '12.00', '200.00', '2.20', '1.50', '20.00', '0.10', '0.33', '0.11', '2.10', '51.20', '0.08', '0.00', '227.00', '1.75', '1.60'),
(127, 15, 'Arroz integral crudo', 100, 332, '8.00', '2.80', '0.70', '0.70', '1.00', '0.00', '73.41', '2.80', '6.00', '200.00', '20.00', '131.00', '300.00', '2.00', '1.60', '22.00', '0.30', '0.08', '0.64', '0.00', '40.00', '6.80', '0.00', '0.00', '0.00', '0.60'),
(128, 15, 'Arroz pulido sin cascara crudo', 100, 361, '7.60', '0.60', '0.15', '0.17', '0.19', '0.00', '86.80', '1.40', '4.00', '120.00', '10.00', '28.00', '100.00', '0.80', '1.30', '14.00', '0.06', '0.03', '0.30', '0.00', '2.00', '3.00', '0.00', '0.00', '0.00', '0.10'),
(129, 15, 'Espagueti integral crudo', 100, 352, '14.63', '1.40', '0.26', '0.19', '0.56', '0.00', '75.03', '11.50', '8.00', '215.00', '40.00', '143.00', '258.00', '3.63', '2.37', '0.00', '0.49', '0.14', '0.22', '0.00', '57.00', '6.20', '0.00', '0.00', '0.00', '0.00'),
(130, 15, 'Espagueti normal crudo', 100, 342, '12.00', '1.80', '0.20', '0.20', '0.80', '0.00', '74.10', '4.00', '3.00', '250.00', '25.00', '56.00', '190.00', '2.10', '1.50', '0.00', '0.22', '0.03', '0.17', '0.00', '34.00', '5.60', '0.00', '0.00', '0.00', '0.16'),
(131, 15, 'Macarrones crudos', 100, 348, '12.00', '1.80', '0.30', '0.10', '0.80', '0.00', '75.80', '5.00', '11.00', '230.00', '25.00', '53.00', '180.00', '1.60', '1.50', '0.00', '0.18', '0.05', '0.10', '10.00', '23.00', '5.40', '0.00', '0.00', '0.00', '0.00'),
(132, 16, 'Alubias con chorizo', 100, 150, '4.33', '8.25', '3.57', '3.76', '0.90', '0.00', '15.65', '9.46', '613.20', '814.30', '143.20', '154.30', '304.40', '6.90', '0.56', '0.00', '0.16', '0.13', '0.28', '11.56', '44.64', '0.00', '0.00', '24.40', '0.00', '0.46'),
(133, 16, 'Crema de patatas', 100, 70, '0.88', '2.64', '0.45', '0.21', '0.15', '2.00', '11.26', '0.20', '767.60', '55.99', '0.00', '1.00', '19.01', '0.00', '0.26', '0.00', '0.00', '0.00', '0.01', '0.02', '1.20', '0.00', '0.00', '35.21', '0.00', '0.01'),
(134, 16, 'Fabada asturiana', 100, 154, '6.06', '8.85', '3.73', '4.15', '0.93', '0.00', '13.42', '7.80', '891.00', '1170.20', '118.30', '174.30', '309.90', '7.80', '0.63', '0.00', '0.12', '0.10', '0.10', '10.59', '56.58', '0.00', '0.00', '24.10', '0.00', '0.35'),
(135, 16, 'Garbanzos con callos', 100, 137, '6.68', '6.30', '2.10', '2.47', '0.77', '0.00', '14.32', '4.92', '845.30', '1214.30', '123.20', '124.30', '373.30', '5.60', '0.84', '0.00', '0.02', '0.10', '0.10', '22.43', '71.04', '0.00', '0.00', '35.33', '0.00', '0.81'),
(136, 16, 'Lentejas con chorizo', 100, 139, '3.83', '7.89', '2.28', '2.71', '2.71', '0.00', '13.95', '8.27', '914.20', '977.30', '107.30', '166.30', '389.30', '5.90', '0.77', '0.00', '0.07', '0.11', '0.11', '8.94', '53.84', '0.00', '0.00', '34.54', '0.00', '0.51'),
(137, 16, 'Pisto de verduras', 100, 121, '1.60', '9.10', '0.00', '0.00', '0.00', '0.00', '8.60', '1.60', '305.00', '112.00', '9.00', '4.00', '15.00', '0.30', '0.00', '0.00', '0.03', '0.05', '0.02', '0.00', '3.90', '0.20', '37.00', '135.20', '0.00', '1.80'),
(138, 16, 'Sopa de pollo y vegetales', 100, 61, '2.64', '2.64', '0.71', '1.06', '0.50', '12.01', '7.04', '0.60', '750.00', '70.07', '0.00', '3.00', '45.07', '0.70', '0.40', '0.00', '0.03', '0.03', '0.02', '0.06', '0.90', '1.06', '0.00', '88.03', '0.00', '0.09'),
(139, 16, 'Sopa de vegetales', 100, 73, '2.64', '1.76', '1.66', '0.00', '0.00', '12.99', '12.32', '0.00', '732.40', '732.40', '12.32', '12.32', '77.82', '12.32', '12.32', '12.32', '0.03', '0.03', '0.13', '0.42', '0.35', '0.35', '3.17', '176.10', '176.10', '0.36'),
(140, 17, 'Almejas o berberechos y similares', 100, 47, '10.70', '0.50', '0.05', '0.03', '0.12', '40.00', '0.00', '0.00', '0.00', '0.00', '128.00', '51.00', '0.00', '24.00', '1.30', '0.00', '0.04', '0.14', '0.00', '0.00', '0.00', '4.10', '0.00', '250.00', '0.00', '0.00'),
(141, 17, 'Anchoas enlatadas en aceite ', 100, 195, '27.40', '9.35', '1.22', '5.04', '3.04', '70.60', '0.40', '0.00', '0.00', '0.00', '273.00', '54.80', '0.00', '4.20', '3.40', '18.00', '0.00', '0.21', '0.19', '18.50', '3.40', '3.80', '0.00', '67.40', '11.80', '0.98'),
(142, 17, 'Atún en aceite', 100, 209, '23.80', '12.60', '1.61', '1.99', '8.95', '39.80', '0.00', '0.00', '0.00', '0.00', '27.70', '28.20', '0.00', '1.20', '1.10', '34.00', '0.10', '0.10', '0.42', '16.80', '5.00', '13.60', '0.00', '62.20', '24.70', '6.30'),
(143, 17, 'Bacalao ahumado', 99, 78, '18.30', '0.55', '0.10', '0.20', '0.20', '46.00', '0.00', '0.00', '1170.00', '390.00', '9.00', '25.00', '190.00', '0.10', '0.40', '11.00', '0.04', '0.05', '0.17', '5.00', '1.00', '2.00', '0.00', '2.00', '0.00', '0.44'),
(144, 17, 'Bonito en aceite', 100, 220, '29.00', '11.50', '1.80', '3.10', '5.40', '46.70', '0.00', '0.00', '0.00', '0.00', '28.80', '29.00', '0.00', '1.00', '1.10', '37.00', '0.05', '0.11', '0.42', '15.50', '5.00', '13.50', '0.00', '0.00', '23.80', '7.20'),
(145, 17, 'Calamares y similares', 100, 122, '17.00', '5.80', '1.16', '1.11', '3.04', '222.00', '0.50', '0.00', '430.00', '90.00', '78.00', '0.00', '0.00', '1.70', '0.00', '0.00', '0.07', '0.14', '0.00', '0.00', '0.00', '3.60', '0.00', '70.00', '0.00', '0.00'),
(146, 17, 'Mejillones en escabeche', 100, 178, '10.70', '15.00', '2.76', '2.77', '8.52', '61.90', '0.00', '0.00', '0.00', '0.00', '45.30', '20.40', '0.00', '3.70', '1.60', '31.00', '0.10', '0.13', '0.06', '7.70', '13.00', '3.20', '0.00', '53.10', '0.00', '1.33'),
(147, 17, 'Salmón ahumado', 90, 158, '20.00', '8.70', '1.36', '3.56', '3.29', '90.00', '0.00', '0.00', '1200.00', '330.00', '66.00', '30.00', '285.00', '1.30', '0.80', '20.00', '0.03', '0.16', '0.45', '4.10', '14.00', '7.10', '0.10', '15.00', '20.00', '1.30'),
(148, 17, 'Sardinas en aceite', 100, 232, '22.60', '15.75', '3.28', '7.17', '5.25', '132.00', '0.00', '0.00', '0.00', '0.00', '314.00', '49.30', '0.00', '2.90', '2.80', '33.00', '0.04', '0.31', '0.47', '29.60', '8.70', '8.10', '0.00', '0.00', '8.20', '0.30'),
(149, 18, 'Chuleta de cerdo', 72, 205, '17.50', '15.00', '5.80', '6.80', '1.30', '75.00', '0.00', '0.00', '80.00', '370.00', '8.00', '17.00', '170.00', '0.80', '1.60', '0.00', '0.57', '0.14', '0.29', '3.00', '2.00', '7.20', '0.00', '0.00', '0.00', '0.10'),
(150, 18, 'Costillas de cerdo', 72, 218, '17.60', '16.40', '6.00', '6.20', '3.00', '68.00', '0.00', '0.00', '61.00', '320.00', '8.00', '20.00', '180.00', '0.80', '2.30', '0.50', '0.76', '0.28', '0.40', '10.00', '1.00', '5.00', '0.00', '0.00', '0.60', '0.01'),
(151, 18, 'Hígado de cerdo', 83, 122, '21.00', '3.65', '1.17', '0.52', '0.81', '360.00', '1.50', '0.00', '87.00', '330.00', '8.00', '21.00', '350.00', '13.00', '6.90', '10.00', '0.40', '3.00', '0.30', '212.00', '25.00', '15.00', '26.00', '6495.00', '2.20', '0.17'),
(152, 18, 'Pierna de cerdo', 75, 171, '18.00', '11.00', '3.40', '4.35', '2.95', '67.50', '0.00', '0.00', '80.00', '370.00', '8.00', '22.00', '230.00', '1.50', '2.50', '5.00', '0.89', '0.20', '0.45', '5.00', '3.00', '8.70', '0.00', '0.10', '0.01', '0.00'),
(153, 18, 'Solomillo de cerdo', 100, 105, '19.00', '3.20', '1.30', '1.50', '0.28', '54.00', '0.00', '0.00', '76.00', '370.00', '5.80', '23.20', '220.00', '1.30', '2.30', '2.40', '0.83', '0.20', '0.47', '5.40', '3.10', '8.60', '0.00', '0.00', '0.00', '0.00'),
(154, 18, 'Chuletas de cordero', 72, 203, '15.40', '14.38', '6.80', '5.88', '0.65', '79.50', '0.00', '0.00', '60.00', '230.00', '8.00', '15.70', '170.00', '3.20', '2.20', '5.40', '0.13', '0.18', '0.15', '1.10', '2.90', '4.50', '0.00', '0.00', '0.00', '0.18'),
(155, 18, 'Costillas de cordero', 50, 225, '18.00', '17.00', '8.72', '6.02', '0.56', '78.00', '0.00', '0.00', '80.00', '300.00', '10.00', '24.00', '190.00', '2.70', '1.90', '0.00', '0.20', '0.25', '0.30', '1.00', '3.00', '5.00', '1.00', '13.00', '0.30', '0.00'),
(156, 18, 'Pierna de cordero', 84, 187, '19.00', '12.30', '5.90', '4.80', '0.60', '74.00', '0.00', '0.00', '58.00', '320.00', '7.00', '22.00', '190.00', '1.40', '2.80', '2.00', '0.14', '0.23', '0.33', '1.00', '11.00', '5.10', '0.00', '9.00', '0.70', '0.05'),
(157, 18, 'Carne magra de ternera', 100, 131, '20.70', '5.40', '2.00', '2.26', '0.24', '59.00', '0.00', '0.00', '60.00', '350.00', '8.00', '18.00', '220.00', '2.10', '3.80', '10.00', '0.06', '0.22', '0.32', '2.00', '8.00', '8.10', '0.00', '0.00', '0.00', '0.15'),
(158, 18, 'Chuletas de ternera', 78, 253, '17.00', '20.50', '7.59', '8.59', '0.73', '65.00', '0.00', '0.00', '60.00', '350.00', '8.00', '16.00', '200.00', '1.60', '3.50', '0.00', '0.05', '0.16', '0.25', '1.00', '8.00', '7.30', '0.00', '0.00', '0.00', '0.19'),
(159, 18, 'Costillas de ternera', 72, 112, '21.10', '3.10', '1.17', '1.33', '0.27', '70.00', '0.00', '0.00', '90.00', '380.00', '12.00', '17.00', '200.00', '2.80', '3.50', '10.00', '0.15', '0.26', '0.44', '1.50', '5.00', '6.70', '0.00', '0.00', '0.50', '0.08'),
(160, 18, 'Solomillo de ternera', 100, 118, '19.30', '4.50', '2.00', '1.90', '0.20', '67.00', '0.00', '0.00', '90.00', '348.00', '9.20', '19.60', '206.00', '2.60', '3.10', '4.90', '0.12', '0.24', '0.35', '2.00', '8.20', '6.80', '0.00', '0.00', '0.00', '0.00'),
(161, 18, 'Solomillo de buey', 79, 135, '23.50', '4.50', '2.00', '0.10', '0.20', '51.00', '0.00', '0.00', '88.00', '290.00', '5.00', '22.00', '210.00', '5.00', '1.80', '0.00', '0.45', '0.80', '0.23', '3.17', '4.00', '6.30', '0.00', '0.00', '0.50', '0.45'),
(162, 18, 'ciervo', 100, 103, '22.20', '1.61', '0.80', '0.40', '0.40', '50.00', '0.00', '0.00', '55.00', '340.00', '5.00', '25.00', '210.00', '3.30', '2.40', '0.00', '0.22', '0.48', '0.37', '6.31', '4.00', '6.37', '0.00', '0.00', '0.00', '0.20'),
(163, 18, 'conejo', 100, 127, '20.05', '5.20', '1.80', '1.40', '1.50', '57.00', '0.00', '0.00', '67.00', '360.00', '22.80', '24.90', '220.00', '1.50', '1.40', '1.80', '0.10', '0.12', '0.35', '11.00', '4.80', '8.70', '0.00', '0.34', '0.00', '0.00'),
(164, 18, 'jabalí', 100, 116, '21.51', '3.33', '0.99', '1.30', '0.48', '100.00', '0.00', '0.00', '0.00', '0.00', '12.00', '0.00', '120.00', '0.00', '0.00', '0.00', '0.39', '0.11', '0.00', '0.00', '0.00', '4.00', '0.00', '0.00', '0.00', '0.00'),
(165, 18, 'Carne picada cerdo', 100, 105, '19.00', '3.20', '1.30', '1.50', '0.28', '54.00', '0.00', '0.00', '76.00', '370.00', '5.80', '23.20', '220.00', '1.30', '2.30', '2.40', '0.83', '0.20', '0.47', '5.40', '3.10', '8.60', '0.00', '0.00', '0.00', '0.00'),
(166, 18, 'Carne picada ternera', 100, 131, '20.70', '5.40', '2.00', '2.26', '0.24', '59.00', '0.00', '0.00', '60.00', '350.00', '8.00', '18.00', '220.00', '2.10', '3.80', '10.00', '0.06', '0.22', '0.32', '2.00', '8.00', '8.10', '0.00', '0.00', '0.00', '0.15'),
(167, 18, 'Carne picada mixta', 100, 118, '19.85', '4.30', '1.65', '1.88', '0.26', '56.50', '0.00', '0.00', '68.00', '360.00', '6.90', '20.60', '220.00', '1.70', '3.05', '6.20', '0.45', '0.21', '0.40', '3.70', '5.55', '8.35', '0.00', '0.00', '0.00', '0.08'),
(168, 19, 'Almeja o chirla o berberecho y similares', 15, 48, '11.30', '0.30', '0.10', '0.00', '0.10', '53.00', '0.00', '0.00', '3520.00', '43.00', '128.00', '51.00', '204.00', '24.00', '1.30', '160.00', '0.04', '0.14', '0.00', '0.00', '0.00', '4.10', '0.00', '250.00', '0.00', '0.00'),
(169, 19, 'Calamar y similares', 70, 82, '17.00', '1.30', '0.31', '0.09', '0.43', '222.00', '0.50', '0.00', '430.60', '90.00', '18.00', '34.00', '221.00', '1.70', '0.00', '0.00', '0.07', '0.14', '0.06', '1.30', '0.00', '3.60', '0.00', '70.00', '0.00', '2.40'),
(170, 19, 'Cangrejos o nécoras y similares', 44, 125, '19.50', '5.20', '0.70', '1.40', '1.50', '100.00', '0.00', '0.00', '370.00', '270.00', '30.00', '48.00', '350.00', '1.30', '5.50', '40.00', '0.10', '0.15', '0.30', '0.00', '20.00', '2.50', '0.00', '0.00', '0.00', '2.30'),
(171, 19, 'Caracol', 20, 78, '16.30', '1.40', '0.00', '0.00', '0.00', '100.00', '0.00', '0.00', '0.00', '0.00', '140.00', '250.00', '0.00', '10.60', '4.40', '0.01', '0.04', '0.14', '0.00', '0.00', '0.00', '41.00', '0.00', '0.00', '0.00', '0.80'),
(172, 19, 'Gamba y camarón', 47, 100, '21.00', '1.80', '0.40', '0.50', '0.40', '150.00', '0.00', '0.00', '1590.00', '260.00', '150.00', '42.00', '350.00', '1.10', '1.60', '28.00', '0.01', '0.17', '0.07', '1.00', '17.00', '2.00', '0.01', '0.00', '0.01', '2.90'),
(173, 19, 'Langostino', 47, 96, '21.00', '1.30', '0.29', '0.36', '0.29', '150.00', '0.00', '0.00', '366.00', '260.00', '120.00', '42.00', '300.00', '2.00', '3.60', '90.00', '0.01', '0.03', '0.10', '1.00', '17.00', '2.00', '0.01', '18.00', '18.00', '2.90'),
(174, 19, 'Mejillón', 25, 68, '10.80', '2.00', '0.40', '0.30', '0.70', '100.00', '1.90', '0.00', '210.00', '92.00', '200.00', '25.00', '330.00', '7.70', '2.10', '120.00', '9.00', '0.38', '0.06', '22.10', '27.00', '3.00', '0.00', '0.00', '0.00', '0.90'),
(175, 19, 'Pulpo', 79, 57, '10.60', '1.00', '0.23', '0.38', '0.38', '0.00', '1.50', '0.00', '230.00', '330.00', '144.00', '30.00', '186.00', '1.70', '1.68', '1.50', '0.08', '0.04', '0.36', '20.00', '16.00', '3.50', '0.00', '70.00', '0.00', '2.10'),
(176, 20, 'Anguila', 77, 218, '14.00', '18.00', '4.58', '7.03', '4.58', '70.00', '0.00', '0.00', '40.00', '220.00', '18.00', '19.00', '170.00', '1.00', '3.00', '10.00', '0.15', '0.40', '0.30', '1.00', '2.90', '1.40', '1.80', '1000.00', '4.90', '5.60'),
(177, 20, 'Angulas', 100, 205, '16.30', '15.50', '2.84', '8.95', '1.33', '50.00', '0.00', '0.00', '90.00', '270.00', '30.00', '19.00', '170.00', '1.00', '1.80', '10.00', '0.17', '0.32', '0.30', '1.00', '0.00', '5.50', '0.00', '1000.00', '110.00', '0.00'),
(178, 20, 'Arenque', 61, 239, '18.00', '18.50', '5.30', '8.40', '3.30', '70.00', '0.00', '0.00', '70.00', '340.00', '20.00', '31.00', '254.00', '1.00', '0.50', '20.00', '0.02', '0.23', '0.45', '6.00', '5.00', '7.10', '0.00', '40.00', '22.50', '0.21'),
(179, 20, 'Atún', 94, 148, '23.00', '6.20', '1.80', '1.60', '2.20', '55.00', '0.00', '0.00', '40.00', '330.00', '38.00', '28.00', '204.00', '1.30', '1.10', '10.00', '0.05', '0.20', '0.46', '5.00', '15.00', '9.00', '0.00', '60.00', '25.00', '0.00'),
(180, 20, 'Bacalao fresco', 75, 77, '17.70', '0.70', '0.10', '0.10', '0.30', '50.00', '0.00', '0.00', '89.00', '274.00', '24.00', '20.00', '180.00', '0.44', '0.40', '0.00', '0.08', '0.10', '0.33', '0.53', '13.00', '2.00', '2.00', '10.00', '0.00', '0.26'),
(181, 20, 'Bonito', 94, 128, '21.00', '4.90', '1.26', '1.60', '1.43', '38.00', '0.00', '0.00', '39.00', '252.00', '35.00', '28.00', '254.00', '1.00', '1.10', '10.00', '0.07', '0.20', '0.45', '5.00', '15.00', '17.80', '0.00', '40.00', '0.00', '1.00'),
(182, 20, 'Boquerón', 79, 138, '20.60', '6.00', '2.30', '0.81', '2.30', '69.00', '0.50', '0.00', '104.00', '383.00', '28.20', '28.00', '174.00', '1.00', '0.46', '20.00', '0.00', '0.27', '1.10', '1.90', '8.70', '7.60', '0.00', '31.90', '7.00', '0.02'),
(183, 20, 'Caballa', 60, 210, '15.00', '16.30', '3.30', '8.00', '3.40', '80.00', '0.80', '0.00', '130.00', '360.00', '17.00', '31.00', '244.00', '1.00', '0.50', '10.00', '0.00', '0.30', '0.70', '10.00', '1.24', '9.00', '0.00', '36.00', '16.00', '1.25'),
(184, 20, 'Carpa', 60, 119, '18.00', '5.20', '0.90', '1.98', '1.17', '65.00', '0.00', '0.00', '47.00', '320.00', '47.00', '30.00', '315.00', '1.20', '0.00', '1.00', '0.07', '0.05', '0.17', '5.00', '3.00', '6.00', '0.00', '190.00', '9.10', '1.00'),
(185, 20, 'Dorada', 55, 92, '17.00', '2.70', '0.50', '0.80', '0.50', '42.00', '0.00', '0.00', '73.00', '300.00', '30.00', '25.00', '180.00', '0.90', '0.50', '0.00', '0.06', '0.08', '0.18', '2.00', '11.00', '2.30', '0.00', '0.00', '0.00', '0.80'),
(186, 20, 'Gallo', 56, 80, '15.80', '1.90', '0.33', '0.39', '0.61', '62.20', '0.00', '0.00', '150.00', '250.00', '33.60', '42.10', '260.00', '0.96', '0.40', '16.00', '0.08', '0.10', '0.38', '10.00', '0.00', '9.00', '0.00', '36.00', '16.00', '0.00'),
(187, 20, 'Huevas frescas', 100, 155, '24.30', '6.42', '1.46', '1.66', '2.66', '500.00', '0.00', '0.00', '91.00', '221.00', '22.00', '20.00', '402.00', '1.60', '1.00', '0.00', '1.00', '1.20', '0.16', '2.30', '13.00', '1.74', '0.00', '7.00', '0.00', '0.30'),
(188, 20, 'Lenguado', 55, 80, '16.50', '1.40', '0.20', '0.30', '0.50', '60.00', '0.50', '0.00', '100.00', '230.00', '30.00', '29.00', '260.00', '0.70', '0.40', '30.00', '0.10', '0.12', '0.43', '2.00', '11.00', '6.30', '0.00', '0.00', '0.00', '0.00'),
(189, 20, 'Merluza', 82, 63, '11.80', '1.80', '0.35', '0.43', '0.46', '67.00', '0.00', '0.00', '100.00', '270.00', '33.10', '25.10', '190.00', '1.10', '0.37', '18.00', '0.09', '0.09', '0.16', '0.80', '16.00', '5.50', '1.70', '14.00', '0.00', '0.00'),
(190, 20, 'Mero', 57, 118, '16.00', '6.00', '0.92', '1.79', '2.78', '47.00', '0.00', '0.00', '80.00', '255.00', '14.00', '20.00', '210.00', '0.90', '0.50', '0.00', '0.80', '0.14', '0.32', '0.00', '0.00', '0.00', '0.00', '0.00', '0.00', '0.00'),
(191, 20, ' Pescadilla', 75, 68, '15.10', '0.80', '0.09', '0.29', '0.17', '56.80', '0.00', '0.00', '72.00', '249.00', '43.40', '27.30', '222.00', '0.77', '0.03', '27.00', '0.08', '0.12', '0.16', '2.30', '13.00', '1.74', '0.00', '7.00', '0.00', '0.30'),
(192, 20, ' Pez espada', 94, 110, '17.00', '4.30', '1.04', '1.29', '0.89', '39.00', '1.00', '0.00', '102.00', '342.00', '19.00', '57.00', '506.00', '0.90', '0.40', '0.00', '0.10', '0.10', '0.51', '5.00', '15.00', '9.00', '1.10', '500.00', '0.00', '0.50'),
(193, 20, ' Rape', 54, 86, '17.00', '2.00', '0.51', '0.16', '1.03', '50.00', '0.00', '0.00', '89.00', '274.00', '64.00', '20.00', '180.00', '1.00', '0.50', '0.00', '0.08', '0.10', '0.00', '1.00', '13.00', '2.00', '1.00', '0.00', '0.00', '0.00'),
(194, 20, ' Rodaballo', 55, 97, '16.10', '3.10', '0.80', '0.70', '0.70', '60.00', '1.30', '0.00', '110.00', '290.00', '22.00', '20.00', '164.00', '1.00', '0.50', '0.00', '0.06', '0.10', '0.15', '0.80', '16.00', '5.50', '1.70', '14.00', '0.00', '0.00');
INSERT INTO `alimento` (`id`, `idtipoalimento`, `alimento`, `comestible`, `energia`, `proteinas`, `lipidos`, `ags`, `agm`, `agp`, `colesterol`, `glucidos`, `fibra`, `sodio`, `potasio`, `calcio`, `magnesio`, `fosforo`, `hierro`, `zinc`, `yodo`, `b1`, `b2`, `b6`, `b12`, `b9`, `b3`, `c`, `a`, `d`, `e`) VALUES
(195, 20, ' Salmón', 79, 189, '20.20', '12.00', '2.20', '5.10', '3.40', '50.00', '0.00', '0.00', '45.00', '360.00', '21.00', '27.00', '250.00', '0.40', '0.60', '37.00', '0.23', '0.13', '0.75', '4.00', '26.00', '7.20', '0.00', '13.00', '8.00', '1.91'),
(196, 20, ' Sardina', 68, 153, '17.10', '9.40', '2.60', '2.80', '2.90', '79.80', '0.00', '0.00', '100.00', '20.00', '50.40', '25.10', '258.00', '2.70', '0.89', '29.00', '0.05', '0.33', '0.96', '28.40', '8.70', '6.40', '0.00', '62.90', '7.90', '1.60'),
(197, 20, ' Trucha', 52, 90, '15.70', '3.00', '0.70', '1.10', '1.00', '56.00', '0.00', '0.00', '60.00', '250.00', '26.00', '28.00', '180.00', '1.00', '0.80', '11.00', '0.08', '0.10', '0.23', '3.20', '0.00', '5.10', '0.00', '26.00', '0.00', '0.20'),
(198, 21, 'Acelga', 92, 27, '2.00', '0.20', '0.03', '0.04', '0.07', '0.00', '4.50', '0.80', '170.00', '378.00', '80.00', '81.00', '43.00', '2.30', '0.02', '40.00', '0.07', '0.13', '0.10', '0.00', '22.00', '0.70', '35.00', '183.00', '0.00', '0.03'),
(199, 21, 'Alcachofa hervida', 43, 75, '2.90', '0.20', '0.05', '0.01', '0.09', '0.00', '1.20', '9.40', '15.00', '300.00', '44.00', '27.00', '50.00', '1.00', '0.00', '0.00', '0.05', '0.04', '0.09', '0.00', '47.00', '0.80', '6.00', '163.00', '0.00', '0.20'),
(200, 21, 'Boniato y batata', 79, 380, '1.20', '0.60', '0.21', '0.04', '0.18', '0.00', '21.50', '2.50', '20.00', '320.00', '22.00', '13.00', '60.00', '0.70', '0.30', '0.00', '0.10', '0.06', '0.22', '0.00', '52.00', '0.80', '25.00', '667.00', '0.00', '4.00'),
(201, 21, 'Berenjena hervida', 77, 71, '1.00', '0.15', '0.03', '0.02', '0.08', '0.00', '3.10', '2.00', '3.00', '210.00', '8.00', '10.00', '19.00', '0.30', '0.00', '0.00', '0.06', '0.03', '0.08', '0.00', '14.00', '0.60', '2.00', '6.67', '0.00', '0.03'),
(202, 21, 'Brocoli hervido', 61, 20, '3.00', '0.30', '0.05', '0.02', '0.17', '0.00', '1.30', '2.70', '9.00', '182.00', '76.00', '16.00', '59.00', '1.00', '0.00', '0.00', '0.06', '0.11', '0.15', '0.00', '73.00', '0.57', '73.00', '75.00', '0.00', '1.10'),
(203, 21, 'Calabaza hervida', 100, 12, '0.60', '0.15', '0.10', '0.00', '0.00', '0.00', '2.10', '0.50', '76.00', '84.00', '23.00', '7.00', '15.00', '0.10', '0.20', '0.00', '0.14', '0.00', '0.03', '0.00', '10.00', '0.20', '7.00', '159.17', '0.00', '1.06'),
(204, 21, 'Cebolla o cebolleta', 90, 45, '1.16', '0.16', '0.03', '0.02', '0.06', '0.00', '7.90', '1.80', '3.00', '157.00', '20.00', '10.00', '33.00', '0.22', '0.19', '0.00', '0.04', '0.02', '0.12', '0.00', '19.00', '1.00', '6.40', '0.00', '0.00', '0.13'),
(205, 21, 'Champiñón o seta', 80, 12, '1.80', '0.30', '0.07', '0.00', '0.17', '0.00', '0.50', '1.90', '10.00', '470.00', '10.80', '12.20', '115.00', '1.00', '0.46', '10.00', '0.00', '0.31', '0.09', '0.00', '23.00', '3.50', '4.00', '0.00', '0.00', '0.13'),
(206, 21, 'Col de Bruselas hervida', 72, 23, '2.60', '0.25', '0.07', '0.00', '0.15', '0.00', '2.80', '3.00', '5.00', '298.00', '27.00', '18.00', '54.00', '0.90', '0.00', '0.00', '0.90', '0.09', '0.14', '0.00', '87.00', '0.61', '60.00', '27.00', '0.00', '0.90'),
(207, 21, 'Col lombarda', 100, 21, '1.10', '0.26', '0.03', '0.02', '0.12', '0.00', '3.70', '2.00', '8.00', '250.00', '60.00', '9.00', '37.00', '0.40', '0.10', '0.00', '0.02', '0.01', '0.09', '0.00', '39.00', '0.60', '55.00', '0.00', '0.00', '0.10'),
(208, 21, 'Col y repollo hervidos', 100, 18, '0.80', '0.60', '0.10', '0.10', '0.35', '0.00', '2.50', '2.00', '100.00', '130.00', '42.00', '3.00', '31.00', '0.30', '0.10', '1.00', '0.12', '0.02', '0.06', '0.00', '43.00', '0.70', '19.00', '0.00', '0.00', '0.20'),
(209, 21, 'Coliflor hervida', 100, 17, '2.00', '0.30', '0.05', '0.02', '0.15', '0.00', '1.80', '2.00', '8.00', '200.00', '16.00', '10.00', '40.00', '0.40', '0.00', '0.00', '0.05', '0.05', '0.17', '0.00', '59.00', '0.40', '38.00', '1.00', '0.00', '0.11'),
(210, 21, 'Escarola', 100, 11, '0.20', '0.16', '0.05', '0.01', '0.09', '0.00', '1.00', '1.60', '10.00', '387.00', '67.00', '13.00', '40.00', '1.30', '0.30', '0.00', '0.10', '0.10', '0.02', '0.00', '267.00', '0.60', '13.00', '73.33', '0.00', '0.00'),
(211, 21, 'Espárrago de lata', 100, 22, '1.90', '0.18', '0.04', '0.01', '0.08', '0.00', '3.40', '1.00', '236.00', '160.00', '19.00', '15.00', '43.00', '0.70', '0.32', '0.00', '0.07', '0.10', '0.03', '0.00', '13.00', '0.90', '15.00', '47.50', '0.00', '1.50'),
(212, 21, 'Espinaca hervida', 100, 17, '2.80', '0.30', '0.06', '0.01', '0.14', '0.00', '0.80', '2.50', '57.00', '313.00', '112.00', '46.00', '42.00', '2.40', '0.00', '0.00', '0.07', '0.18', '0.18', '0.00', '170.00', '0.50', '10.00', '771.00', '0.00', '1.80'),
(213, 21, 'Judía verde hervida', 100, 24, '1.80', '0.30', '0.06', '0.00', '0.10', '0.00', '3.90', '2.30', '3.00', '240.00', '40.00', '20.00', '40.00', '1.20', '0.00', '0.00', '0.06', '0.07', '0.06', '0.00', '25.00', '0.60', '10.00', '40.00', '0.00', '0.20'),
(214, 21, 'Lechuga ', 100, 14, '1.50', '0.30', '0.04', '0.01', '0.16', '0.00', '1.40', '1.50', '10.00', '240.00', '34.70', '5.70', '30.00', '1.00', '0.23', '3.00', '0.06', '0.07', '0.06', '0.00', '96.00', '0.70', '12.20', '29.00', '0.00', '0.52'),
(215, 21, 'Nabo ', 100, 25, '0.80', '0.30', '0.04', '0.03', '0.16', '0.00', '5.00', '2.80', '37.50', '240.00', '59.00', '8.00', '34.00', '0.40', '0.80', '20.00', '0.05', '0.05', '0.11', '0.00', '45.00', '0.60', '23.00', '3.30', '0.00', '0.00'),
(216, 21, 'Patata hervida', 86, 67, '1.50', '0.10', '0.00', '0.00', '0.00', '0.00', '16.00', '1.30', '4.00', '330.00', '6.00', '18.00', '30.00', '0.30', '0.00', '0.00', '0.09', '0.03', '0.19', '0.00', '13.00', '1.00', '9.00', '0.00', '0.00', '0.10'),
(217, 21, 'Pepino', 77, 12, '0.70', '0.20', '0.06', '0.01', '0.08', '0.00', '1.90', '0.80', '6.50', '140.00', '17.00', '9.00', '20.00', '0.30', '0.16', '0.00', '0.03', '0.03', '0.04', '0.00', '13.00', '0.30', '6.00', '2.00', '0.00', '0.10'),
(218, 21, 'Pimiento', 81, 19, '0.90', '0.20', '0.04', '0.01', '0.10', '0.00', '3.70', '1.40', '4.00', '210.00', '12.00', '13.50', '25.00', '0.50', '0.20', '0.00', '0.05', '0.04', '0.25', '0.00', '25.00', '0.90', '131.00', '67.50', '0.00', '0.80'),
(219, 21, 'Puerro hervido', 44, 21, '1.20', '0.20', '0.00', '0.00', '0.11', '0.00', '3.80', '1.70', '7.00', '133.00', '19.50', '7.00', '20.00', '0.50', '0.00', '0.00', '0.04', '0.02', '0.13', '0.00', '55.00', '0.25', '7.00', '16.00', '0.00', '0.64'),
(220, 21, 'Remolacha', 82, 30, '1.30', '0.10', '0.00', '0.00', '0.00', '0.00', '6.40', '3.00', '66.00', '300.00', '23.00', '17.00', '31.00', '0.80', '0.40', '40.00', '0.03', '0.03', '0.05', '0.00', '90.00', '0.40', '5.00', '3.33', '0.00', '0.04'),
(221, 21, 'Tomate crudo', 94, 18, '1.00', '0.11', '0.00', '0.00', '0.10', '0.00', '3.50', '1.40', '6.00', '250.00', '10.60', '8.30', '27.00', '0.70', '0.16', '2.00', '0.07', '0.04', '0.13', '0.00', '28.80', '1.90', '26.60', '94.00', '0.00', '0.89'),
(222, 21, 'Tomate. puré', 100, 68, '4.50', '0.20', '0.00', '0.00', '0.00', '0.00', '12.90', '2.80', '240.00', '1150.00', '48.00', '48.00', '94.00', '1.60', '0.70', '0.00', '0.22', '0.12', '0.44', '0.00', '54.00', '4.10', '38.00', '216.67', '0.00', '5.37'),
(223, 21, 'Zanahoria hervida', 85, 24, '0.80', '0.19', '0.05', '0.02', '0.11', '0.00', '5.00', '2.70', '0.00', '169.00', '29.00', '9.00', '31.00', '0.50', '0.00', '0.00', '0.06', '0.02', '0.13', '0.00', '22.00', '0.20', '2.00', '1631.00', '0.00', '0.50'),
(224, 22, 'Mayonesa comercial', 100, 685, '1.00', '75.60', '11.10', '17.30', '43.90', '75.00', '0.10', '0.00', '450.00', '16.00', '8.00', '1.00', '27.00', '0.30', '0.10', '35.00', '0.02', '0.07', '0.01', '4.00', '0.50', '1.00', '0.00', '86.00', '0.33', '18.94'),
(225, 22, 'Ketchup', 100, 98, '2.10', '0.00', '0.00', '0.00', '0.00', '0.00', '24.00', '0.00', '1120.00', '590.00', '25.00', '19.00', '40.00', '1.20', '0.40', '0.00', '0.08', '0.05', '0.13', '0.00', '15.00', '1.00', '0.00', '30.00', '0.27', '1.50'),
(226, 22, 'Mostaza', 100, 82, '4.70', '4.40', '0.66', '2.54', '0.76', '0.00', '6.40', '0.00', '1252.00', '130.00', '84.00', '48.00', '73.00', '2.00', '0.00', '0.00', '0.10', '0.20', '0.00', '1.00', '14.00', '0.80', '52.50', '80.00', '10.00', '0.00'),
(227, 22, 'Salsa Agridulce', 100, 170, '0.63', '0.63', '0.00', '0.00', '0.00', '0.00', '43.13', '0.05', '593.80', '32.50', '34.06', '7.44', '9.47', '0.53', '0.04', '0.53', '0.00', '0.03', '0.01', '0.00', '1.07', '0.25', '2.00', '202.50', '0.00', '0.01'),
(228, 22, 'Salsa barbacoa', 100, 160, '0.94', '1.56', '0.17', '0.53', '0.62', '0.00', '37.81', '5.91', '1062.00', '174.10', '40.00', '18.00', '20.00', '0.97', '0.20', '0.00', '0.03', '0.03', '0.08', '0.00', '4.00', '0.53', '7.31', '93.75', '0.00', '6.56'),
(229, 22, 'Salsa boloñesa', 100, 91, '5.63', '6.25', '1.63', '2.55', '2.05', '0.00', '3.36', '0.00', '1243.20', '117.30', '47.70', '49.50', '77.70', '9.90', '1.32', '0.00', '0.14', '0.08', '0.12', '1.03', '4.29', '0.00', '1.40', '43.57', '0.00', '1.57'),
(230, 22, 'Salsa Napolitana', 100, 74, '1.90', '4.70', '0.47', '1.36', '2.85', '0.00', '6.45', '0.00', '773.20', '214.30', '33.40', '29.40', '67.30', '18.40', '1.54', '0.00', '0.09', '0.00', '0.10', '0.63', '5.29', '0.00', '1.90', '57.49', '0.00', '3.09'),
(231, 22, 'Tomate frito', 100, 77, '1.32', '3.90', '0.40', '0.89', '2.59', '0.00', '9.76', '3.00', '997.10', '1074.30', '49.40', '54.30', '79.20', '10.90', '1.13', '0.00', '0.11', '0.07', '0.14', '0.43', '49.23', '0.00', '6.70', '31.77', '0.00', '3.73'),
(232, 23, 'Arroz tres delicias', 100, 103, '4.90', '1.30', '0.30', '0.00', '0.00', '0.00', '19.00', '0.70', '83.00', '75.00', '2.00', '0.20', '7.00', '0.10', '0.00', '0.00', '0.00', '0.01', '0.00', '0.00', '0.00', '0.00', '0.00', '12.00', '0.00', '0.20'),
(233, 23, 'Canelones de carne', 100, 132, '6.21', '6.33', '2.40', '1.76', '1.20', '0.00', '13.49', '2.23', '539.20', '203.20', '153.50', '29.90', '109.10', '2.20', '0.52', '0.00', '0.22', '0.32', '0.14', '7.20', '43.24', '0.00', '0.00', '13.18', '0.00', '0.87'),
(234, 23, 'Croquetas de jamón', 100, 154, '4.60', '5.80', '1.30', '0.00', '0.00', '0.00', '22.30', '0.60', '44.00', '109.00', '77.00', '12.60', '0.00', '0.60', '0.30', '0.00', '0.06', '0.10', '0.04', '0.08', '6.00', '0.40', '1.00', '32.00', '0.00', '1.30'),
(235, 23, 'Croquetas de pollo', 100, 125, '5.60', '2.70', '0.70', '0.00', '0.00', '0.00', '20.80', '0.60', '472.00', '147.00', '76.00', '15.40', '78.00', '0.60', '0.40', '0.00', '0.05', '0.10', '0.07', '0.08', '6.00', '1.20', '1.00', '75.00', '0.00', '0.50'),
(236, 23, 'Empanadillas de atún', 100, 239, '4.76', '12.05', '5.13', '3.68', '3.21', '0.00', '29.74', '5.37', '713.20', '204.30', '30.10', '24.70', '243.20', '1.07', '0.39', '0.00', '0.17', '0.14', '0.13', '13.09', '15.41', '0.00', '0.00', '27.78', '0.00', '1.95'),
(237, 23, 'Filete de pescado', 100, 304, '9.72', '18.38', '3.27', '6.46', '6.84', '35.21', '26.69', '0.78', '725.40', '105.60', '116.20', '19.01', '161.30', '0.89', '0.63', '107.70', '107.70', '0.11', '0.07', '14.08', '0.58', '0.58', '0.04', '30.85', '0.00', '0.00'),
(238, 23, 'Lasaña a la boloñesa', 100, 142, '6.10', '7.30', '0.00', '0.00', '0.00', '0.00', '13.80', '0.20', '342.00', '167.00', '52.00', '10.00', '107.00', '1.50', '0.40', '0.00', '0.00', '0.13', '0.40', '2.50', '0.40', '0.40', '3.70', '174.60', '0.10', '1.60'),
(239, 23, 'Paella de marisco', 100, 114, '3.55', '0.62', '0.28', '0.25', '0.08', '0.00', '25.13', '2.03', '429.30', '214.30', '20.30', '23.20', '204.20', '0.73', '0.19', '0.00', '0.18', '0.15', '0.13', '21.30', '25.90', '0.00', '2.80', '17.96', '0.00', '0.47'),
(240, 23, 'Pizza de atún', 100, 210, '9.00', '8.70', '3.20', '0.00', '0.00', '0.00', '25.50', '1.20', '657.00', '147.00', '82.00', '18.00', '93.00', '1.20', '0.70', '0.00', '0.13', '0.08', '0.04', '0.19', '11.00', '1.90', '6.00', '368.00', '0.00', '1.40'),
(241, 23, 'Pizza 4 estaciones', 100, 176, '7.40', '6.60', '0.00', '0.00', '0.00', '0.00', '23.10', '1.20', '439.00', '166.00', '50.00', '15.00', '87.00', '1.00', '0.30', '0.00', '1.28', '1.20', '0.04', '10.00', '0.20', '1.00', '6.50', '284.40', '0.00', '1.20'),
(242, 23, 'Pizza romana ', 100, 187, '7.30', '7.20', '2.70', '0.00', '0.00', '0.00', '24.80', '1.30', '591.00', '186.00', '76.00', '17.80', '85.00', '1.10', '0.60', '0.00', '0.13', '0.11', '0.05', '13.00', '0.17', '1.40', '7.00', '371.00', '0.00', '1.30'),
(243, 23, 'Pollo empanado', 100, 292, '9.30', '18.90', '0.00', '0.00', '0.00', '0.00', '22.60', '0.30', '643.00', '106.00', '19.00', '8.00', '105.00', '0.90', '0.20', '0.00', '0.11', '0.08', '0.05', '3.00', '0.00', '3.10', '0.00', '43.90', '0.30', '5.50'),
(244, 23, 'Salteado guisantes gambas', 100, 70, '6.40', '1.90', '0.20', '0.30', '1.00', '0.00', '7.20', '3.80', '4.00', '183.00', '25.00', '20.00', '74.00', '1.20', '0.70', '4.00', '0.22', '0.11', '0.09', '52.70', '0.00', '2.00', '11.10', '70.50', '0.20', '0.00'),
(245, 23, 'San Jacobo', 100, 231, '4.14', '13.36', '2.70', '4.57', '6.07', '0.00', '25.16', '4.52', '493.30', '214.30', '31.10', '20.80', '187.30', '0.97', '0.29', '0.00', '0.42', '0.17', '0.11', '12.02', '13.41', '0.00', '0.00', '11.40', '0.00', '0.67'),
(246, 23, 'Varitas de merluza', 100, 188, '7.48', '8.88', '1.22', '2.12', '5.50', '0.00', '20.92', '2.68', '813.20', '413.20', '35.30', '22.10', '213.40', '1.32', '0.29', '0.00', '0.12', '0.13', '0.11', '8.18', '6.94', '0.00', '1.10', '7.45', '0.00', '1.01'),
(247, 24, 'Bacon', 100, 555, '8.40', '57.54', '21.26', '26.33', '6.75', '100.00', '1.00', '0.00', '680.00', '160.00', '13.00', '12.00', '108.00', '1.20', '1.80', '0.00', '0.36', '0.11', '0.30', '2.00', '0.80', '1.80', '0.00', '0.01', '0.01', '0.23'),
(248, 24, 'Butifarra', 100, 243, '15.00', '20.30', '7.40', '8.33', '1.44', '72.00', '0.00', '0.00', '1060.00', '210.00', '10.00', '10.00', '0.00', '2.10', '1.30', '0.00', '0.06', '0.12', '0.06', '0.00', '0.00', '5.00', '0.00', '0.00', '0.00', '0.43'),
(249, 24, 'Chopped de cerdo', 100, 176, '13.50', '13.00', '4.30', '5.85', '2.00', '64.00', '1.20', '0.00', '0.00', '0.00', '0.00', '0.00', '0.00', '0.00', '0.00', '0.00', '0.00', '0.00', '0.00', '0.00', '0.00', '0.00', '0.00', '0.00', '0.00', '0.00'),
(250, 24, 'Chorizo', 99, 318, '27.00', '23.10', '9.60', '11.00', '2.40', '60.50', '0.50', '0.00', '1060.00', '210.00', '18.40', '10.30', '160.00', '2.10', '1.20', '10.90', '0.33', '0.15', '0.14', '0.90', '0.90', '7.40', '0.00', '0.00', '0.00', '0.29'),
(251, 24, 'Jamón cocido', 100, 108, '19.00', '3.00', '1.10', '1.40', '0.36', '45.00', '1.30', '0.00', '970.00', '270.00', '9.60', '17.50', '239.00', '2.10', '2.80', '10.90', '0.46', '0.18', '0.20', '19.00', '0.00', '3.20', '0.00', '0.00', '0.00', '0.08'),
(252, 24, 'Jamón serrano', 100, 241, '31.00', '13.00', '4.25', '6.60', '1.55', '70.00', '0.10', '0.00', '1110.00', '160.00', '12.70', '17.10', '180.00', '2.30', '2.20', '11.40', '0.57', '0.25', '0.41', '0.00', '0.00', '6.70', '0.00', '0.00', '0.00', '0.08'),
(253, 24, 'Morcilla', 100, 429, '19.50', '37.50', '14.40', '14.31', '3.09', '70.00', '3.00', '0.00', '1060.00', '210.00', '11.00', '20.00', '80.00', '14.00', '1.30', '0.00', '0.08', '0.10', '0.04', '0.40', '5.00', '1.00', '0.00', '0.01', '0.00', '0.20'),
(254, 24, 'Mortadela', 100, 296, '14.00', '25.39', '9.51', '11.38', '3.12', '72.00', '3.00', '0.00', '670.00', '210.00', '13.00', '9.00', '160.00', '2.20', '2.90', '0.00', '0.33', '0.21', '0.05', '0.00', '0.00', '5.90', '0.00', '0.00', '0.00', '0.11'),
(255, 24, 'Pechuga de pavo', 100, 78, '16.00', '0.70', '0.07', '0.25', '0.25', '30.50', '2.10', '0.00', '1431.00', '278.00', '7.00', '20.00', '229.00', '0.40', '1.13', '6.00', '0.04', '0.11', '0.36', '2.02', '4.00', '8.32', '0.00', '0.00', '0.30', '0.09'),
(256, 24, 'Salami', 100, 459, '18.50', '42.00', '16.40', '19.10', '3.60', '80.00', '1.80', '0.00', '1800.00', '240.00', '17.00', '12.00', '208.00', '2.20', '3.23', '15.00', '0.29', '0.20', '0.25', '1.50', '3.00', '3.30', '0.00', '0.01', '0.07', '0.40'),
(257, 24, 'Salsichas frescas', 100, 304, '12.90', '28.00', '10.70', '13.00', '2.40', '72.00', '0.00', '0.00', '1060.00', '210.00', '13.00', '13.00', '150.00', '2.20', '1.20', '6.00', '0.18', '0.09', '0.07', '0.00', '3.00', '3.30', '0.00', '0.00', '0.50', '0.24'),
(258, 24, 'Salchichón ', 100, 410, '22.50', '34.70', '12.90', '15.50', '4.20', '67.00', '1.92', '0.00', '1060.00', '210.00', '15.70', '11.20', '116.00', '1.00', '1.80', '14.70', '0.18', '0.19', '0.16', '2.60', '4.20', '4.30', '0.00', '0.00', '0.00', '0.27'),
(259, 25, 'Aguacate', 71, 134, '1.30', '13.80', '2.90', '8.60', '1.70', '0.00', '1.30', '2.40', '4.00', '320.00', '8.00', '18.00', '28.00', '0.30', '0.30', '0.00', '0.07', '0.13', '0.26', '0.00', '8.00', '1.00', '4.00', '19.00', '0.00', '2.27'),
(260, 25, 'Albaricoque', 92, 40, '0.80', '0.10', '0.00', '0.00', '0.00', '0.00', '9.50', '2.10', '1.00', '290.00', '17.00', '12.00', '24.00', '0.50', '0.10', '0.00', '0.05', '0.07', '0.07', '0.00', '5.00', '0.60', '7.00', '27.00', '0.00', '0.70'),
(261, 25, 'Arándano', 98, 30, '0.60', '0.20', '0.00', '0.00', '0.00', '0.00', '6.90', '1.80', '3.00', '88.00', '12.00', '5.00', '14.00', '0.50', '0.20', '0.00', '0.03', '0.03', '0.05', '0.00', '6.00', '0.40', '17.00', '5.00', '0.00', '0.00'),
(262, 25, 'Caqui', 87, 65, '0.72', '0.19', '0.02', '0.04', '0.04', '0.00', '16.00', '1.60', '4.00', '190.00', '8.00', '9.50', '22.00', '0.24', '0.10', '0.00', '0.02', '0.04', '0.10', '0.00', '7.00', '0.30', '16.00', '158.33', '0.00', '0.59'),
(263, 25, 'Cereza y guinda', 87, 58, '0.80', '0.50', '0.11', '0.13', '0.15', '0.00', '13.50', '1.50', '3.00', '260.00', '16.00', '11.00', '21.00', '0.40', '0.12', '0.00', '0.05', '0.06', '0.05', '0.00', '8.00', '0.30', '8.00', '3.00', '0.00', '0.10'),
(264, 25, 'Chirimoya', 60, 81, '1.00', '0.20', '0.00', '0.00', '0.00', '0.00', '20.00', '1.90', '2.00', '231.00', '30.00', '18.00', '20.00', '0.60', '0.00', '0.00', '0.08', '0.09', '0.00', '0.00', '0.00', '0.90', '18.00', '0.00', '0.00', '0.00'),
(265, 25, 'Ciruela', 85, 45, '0.60', '0.15', '0.00', '0.00', '0.00', '0.00', '11.00', '2.10', '3.00', '190.00', '14.00', '8.00', '19.00', '0.40', '0.10', '0.00', '0.07', '0.05', '0.05', '0.00', '3.00', '0.50', '3.00', '21.00', '0.00', '0.70'),
(266, 25, 'Coco fresco', 70, 351, '3.40', '35.10', '29.30', '2.20', '1.60', '0.00', '5.90', '9.50', '17.00', '405.00', '13.00', '52.00', '94.00', '2.10', '0.50', '1.00', '0.03', '0.02', '0.04', '0.00', '26.00', '1.10', '2.00', '0.00', '0.00', '0.70'),
(267, 25, 'Dátil', 87, 279, '2.20', '0.45', '0.19', '0.15', '0.03', '0.00', '71.00', '8.70', '10.00', '750.00', '68.00', '59.00', '57.00', '1.70', '0.30', '0.00', '0.08', '0.04', '0.15', '0.00', '21.00', '3.00', '3.00', '6.70', '0.00', '0.10'),
(268, 25, 'Frambuesa', 100, 39, '0.90', '0.60', '0.02', '0.06', '0.34', '0.00', '8.00', '7.40', '3.00', '220.00', '41.00', '22.00', '29.00', '1.20', '0.10', '0.00', '0.02', '0.03', '0.06', '0.00', '45.00', '0.80', '25.00', '1.00', '0.00', '0.20'),
(269, 25, 'Fresa y fresón', 97, 34, '0.70', '0.50', '0.00', '0.07', '0.26', '0.00', '7.00', '2.20', '2.00', '150.00', '30.00', '13.00', '26.00', '0.70', '0.09', '10.00', '0.02', '0.03', '0.06', '0.00', '62.00', '0.70', '60.00', '1.00', '0.00', '0.20'),
(270, 25, 'Granada', 35, 34, '0.70', '0.30', '0.04', '0.05', '0.06', '0.00', '7.50', '0.20', '5.00', '275.00', '8.00', '3.00', '15.00', '0.60', '0.30', '0.70', '0.02', '0.02', '0.11', '0.00', '0.00', '0.30', '5.70', '3.50', '0.00', '0.55'),
(271, 25, 'Higo y breva', 85, 68, '1.20', '0.30', '0.04', '0.07', '0.15', '0.00', '16.00', '2.50', '3.50', '235.00', '38.00', '20.00', '22.50', '0.45', '0.30', '0.00', '0.05', '0.05', '0.11', '0.00', '7.00', '0.60', '3.50', '25.00', '0.00', '0.89'),
(272, 25, 'Kiwi', 86, 53, '1.00', '0.44', '0.03', '0.04', '0.24', '0.00', '12.10', '1.50', '4.50', '314.00', '32.00', '27.00', '35.00', '0.60', '0.10', '0.00', '0.02', '0.05', '0.09', '0.00', '29.30', '0.60', '94.00', '3.00', '0.00', '1.12'),
(273, 25, 'Limón', 64, 39, '0.70', '0.30', '0.04', '0.01', '0.09', '0.00', '9.00', '1.00', '3.00', '149.00', '12.00', '18.00', '16.00', '0.40', '0.12', '3.00', '0.05', '0.03', '0.11', '0.00', '7.00', '0.17', '50.00', '1.00', '0.00', '0.50'),
(274, 25, 'Mandarina', 72, 39, '0.80', '0.19', '0.02', '0.03', '0.04', '0.00', '9.00', '1.90', '2.00', '185.00', '36.00', '11.00', '17.20', '0.30', '0.10', '0.00', '0.07', '0.02', '0.07', '0.00', '21.00', '0.20', '35.00', '106.00', '0.00', '0.22'),
(275, 25, 'Mango', 66, 61, '0.50', '0.20', '0.05', '0.07', '0.03', '0.00', '15.30', '1.50', '7.00', '190.00', '10.00', '18.00', '13.00', '1.80', '0.10', '0.00', '0.03', '0.04', '0.13', '0.00', '31.00', '0.40', '30.00', '478.00', '0.00', '0.98'),
(276, 25, 'Manzana roja', 90, 46, '0.30', '0.10', '0.00', '0.00', '0.00', '0.00', '11.70', '1.70', '1.00', '99.00', '4.00', '5.00', '9.00', '0.10', '0.00', '0.00', '0.03', '0.02', '0.04', '0.00', '1.00', '0.20', '3.00', '4.00', '0.00', '0.53'),
(277, 25, 'Manzana tipo Golden', 92, 41, '0.30', '0.00', '0.00', '0.00', '0.00', '0.00', '10.50', '2.30', '4.00', '100.00', '5.50', '5.60', '8.00', '0.56', '0.13', '11.00', '0.04', '0.04', '0.04', '0.00', '5.80', '0.33', '12.40', '4.00', '0.00', '0.36'),
(278, 25, 'Manzana verde', 91, 41, '0.30', '0.10', '0.00', '0.00', '0.00', '0.00', '10.50', '1.50', '2.00', '110.00', '4.00', '4.00', '8.00', '0.10', '0.00', '0.00', '0.04', '0.02', '0.07', '0.00', '1.00', '0.20', '4.00', '1.54', '0.00', '0.54'),
(279, 25, 'Melocotón', 88, 37, '0.60', '0.10', '0.00', '0.00', '0.00', '0.00', '9.00', '2.30', '1.00', '160.00', '7.00', '9.00', '22.00', '0.40', '0.10', '3.00', '0.02', '0.04', '0.02', '0.00', '3.00', '0.70', '31.00', '17.00', '0.00', '0.50'),
(280, 25, 'Melón', 60, 37, '0.88', '0.28', '0.07', '0.01', '0.10', '0.00', '8.36', '0.80', '9.00', '309.00', '11.00', '11.00', '17.00', '0.21', '0.16', '0.00', '0.04', '0.02', '0.12', '0.00', '17.00', '0.58', '42.20', '3.22', '0.00', '0.15'),
(281, 25, 'Membrillo', 61, 26, '0.40', '0.10', '0.01', '0.03', '0.05', '0.00', '6.30', '6.40', '3.00', '200.00', '14.00', '6.00', '19.00', '0.40', '0.50', '0.00', '0.02', '0.02', '0.04', '0.00', '3.00', '0.20', '13.00', '4.00', '0.00', '0.55'),
(282, 25, 'Naranja', 73, 38, '0.80', '0.30', '0.04', '0.06', '0.06', '0.00', '8.60', '2.30', '3.00', '200.00', '41.00', '15.20', '28.00', '0.49', '0.15', '2.00', '0.08', '0.04', '0.06', '0.00', '38.70', '0.35', '50.60', '49.00', '0.00', '0.21'),
(283, 25, 'Nectarina', 85, 71, '0.60', '0.48', '0.05', '0.17', '0.23', '0.00', '17.10', '2.00', '6.00', '294.00', '4.00', '13.00', '24.00', '0.50', '0.20', '3.00', '0.02', '0.05', '0.02', '0.00', '18.00', '0.90', '10.00', '9.67', '0.00', '0.90'),
(284, 25, 'Níspero', 62, 43, '0.40', '0.20', '0.04', '0.01', '0.09', '0.00', '10.60', '1.70', '1.00', '266.00', '16.00', '13.00', '27.00', '0.28', '0.05', '0.00', '0.20', '0.06', '0.10', '0.00', '14.00', '0.10', '2.00', '18.00', '0.00', '0.89'),
(285, 25, 'Pera', 88, 48, '0.40', '0.30', '0.40', '0.05', '0.11', '0.00', '11.70', '2.20', '3.00', '130.00', '9.60', '8.40', '17.50', '0.30', '0.23', '2.00', '0.02', '0.03', '0.02', '0.00', '3.00', '0.20', '5.20', '0.00', '0.00', '0.89'),
(286, 25, 'Piña', 57, 46, '0.50', '0.10', '0.00', '0.00', '0.00', '0.00', '11.50', '1.20', '3.00', '250.00', '12.00', '14.00', '11.00', '0.35', '0.15', '30.00', '0.07', '0.02', '0.09', '0.00', '11.00', '0.40', '20.00', '3.00', '0.00', '0.10'),
(287, 25, 'Plátano', 66, 85, '1.20', '0.27', '0.12', '0.00', '0.09', '0.00', '20.80', '2.50', '1.50', '350.00', '7.30', '36.40', '28.00', '0.59', '0.21', '2.00', '0.05', '0.07', '0.37', '0.00', '20.00', '0.90', '11.50', '18.00', '0.00', '0.23'),
(288, 25, 'Sandía', 52, 22, '0.50', '0.30', '0.00', '0.00', '0.00', '0.00', '4.50', '0.30', '2.00', '110.00', '7.00', '10.00', '9.00', '0.20', '0.10', '0.00', '0.03', '0.02', '0.10', '0.00', '4.00', '0.10', '11.00', '18.00', '0.00', '0.10'),
(289, 25, 'Uva blanca', 90, 63, '0.60', '0.00', '0.00', '0.00', '0.00', '0.00', '16.10', '0.90', '2.00', '250.00', '17.00', '10.00', '22.00', '0.40', '0.10', '7.00', '0.04', '0.02', '0.10', '0.00', '16.00', '0.30', '4.00', '3.00', '0.00', '0.70'),
(290, 25, 'Uva negra', 90, 67, '0.60', '0.70', '0.00', '0.00', '0.00', '0.00', '15.50', '0.40', '2.00', '320.00', '4.00', '4.00', '16.00', '0.30', '0.10', '0.00', '0.04', '0.02', '0.10', '0.00', '26.00', '0.30', '4.00', '3.00', '0.00', '0.70'),
(291, 26, 'Compota', 100, 66, '0.30', '0.00', '0.00', '0.00', '0.00', '0.00', '17.30', '2.00', '3.00', '99.00', '3.00', '9.80', '13.00', '0.20', '0.00', '0.00', '0.03', '0.02', '0.02', '0.00', '2.00', '10.00', '11.00', '0.00', '0.00', '0.00'),
(292, 26, 'Melocotón en almíbar', 100, 70, '0.40', '0.01', '0.01', '0.03', '0.05', '0.00', '18.00', '1.00', '2.50', '130.00', '4.50', '6.00', '13.00', '0.30', '0.03', '0.00', '0.02', '0.02', '0.02', '0.00', '5.00', '0.60', '4.00', '12.50', '0.00', '0.89'),
(293, 26, 'Piña en almíbar', 100, 81, '0.30', '0.10', '0.00', '0.00', '0.00', '0.00', '21.00', '0.90', '1.00', '90.00', '11.50', '8.00', '5.00', '0.35', '0.10', '10.00', '0.06', '0.02', '0.07', '0.00', '1.00', '0.30', '8.00', '6.67', '0.00', '0.08');

-- --------------------------------------------------------

--
-- Estructura de tabla para la tabla `cita`
--

CREATE TABLE IF NOT EXISTS `cita` (
  `cita` datetime NOT NULL,
  `iddietista` int(11) NOT NULL,
  `idcliente` int(11) NOT NULL
) ENGINE=InnoDB DEFAULT CHARSET=utf8 COLLATE=utf8_spanish_ci;

-- --------------------------------------------------------

--
-- Estructura de tabla para la tabla `cliente`
--

CREATE TABLE IF NOT EXISTS `cliente` (
  `id` int(11) NOT NULL,
  `codigo_activacion` varchar(20) COLLATE utf8_spanish_ci NOT NULL,
  `activado` enum('s','n') COLLATE utf8_spanish_ci NOT NULL,
  `password` varchar(30) COLLATE utf8_spanish_ci NOT NULL,
  `nombre` varchar(100) COLLATE utf8_spanish_ci NOT NULL,
  `apellidos` varchar(100) COLLATE utf8_spanish_ci NOT NULL,
  `telefono` varchar(9) COLLATE utf8_spanish_ci NOT NULL,
  `email` varchar(100) COLLATE utf8_spanish_ci NOT NULL,
  `sexo` enum('h','m') COLLATE utf8_spanish_ci NOT NULL,
  `peso` decimal(10,2) NOT NULL,
  `altura` int(11) NOT NULL,
  `fechanac` date NOT NULL,
  `idactividad` int(11) NOT NULL,
  `pesodeseable` decimal(10,2) DEFAULT NULL,
  `dieta` text COLLATE utf8_spanish_ci,
  `fechaingreso` date NOT NULL
) ENGINE=InnoDB AUTO_INCREMENT=7 DEFAULT CHARSET=utf8 COLLATE=utf8_spanish_ci;

--
-- Volcado de datos para la tabla `cliente`
--

INSERT INTO `cliente` (`id`, `codigo_activacion`, `activado`, `password`, `nombre`, `apellidos`, `telefono`, `email`, `sexo`, `peso`, `altura`, `fechanac`, `idactividad`, `pesodeseable`, `dieta`, `fechaingreso`) VALUES
(1, '', 'n', '1234', 'Juan', 'Fernandez', '000666999', 'prueba@prueba.com', 'h', '70.60', 179, '1980-08-04', 1, NULL, NULL, '2016-04-14'),
(3, '62a7e2da310bdb98fb0b', 's', '1234', 'Jose', 'Mateo Ortega', '666010101', 'josem.mateo.ortega@gmail.com', 'h', '78.80', 176, '1989-07-11', 1, '69.50', NULL, '2016-04-14'),
(5, 'bbd4e463fe0ad675dcb2', 's', '1234', 'Juanito', 'Valenciano Rey', '666666666', 'josemaria.mateo@hotmail.com', 'h', '88.00', 188, '2016-04-05', 1, '55.00', NULL, '2016-04-14'),
(6, '90248d0a98105fa534cf', 's', '1234', 'Jose Maria', 'Mateo Ortega', '601013254', 'jose_sin_rostro@hotmail.com', 'h', '76.60', 176, '1989-07-11', 2, '69.50', NULL, '2016-04-14');

-- --------------------------------------------------------

--
-- Estructura de tabla para la tabla `dietista`
--

CREATE TABLE IF NOT EXISTS `dietista` (
  `id` int(11) NOT NULL,
  `password` varchar(30) COLLATE utf8_spanish_ci NOT NULL,
  `dni` varchar(9) COLLATE utf8_spanish_ci NOT NULL,
  `nombre` varchar(100) COLLATE utf8_spanish_ci NOT NULL,
  `apellidos` varchar(100) COLLATE utf8_spanish_ci NOT NULL,
  `direccion` varchar(100) COLLATE utf8_spanish_ci NOT NULL,
  `telefono` varchar(9) COLLATE utf8_spanish_ci NOT NULL,
  `email` varchar(100) COLLATE utf8_spanish_ci NOT NULL
) ENGINE=InnoDB DEFAULT CHARSET=utf8 COLLATE=utf8_spanish_ci;

-- --------------------------------------------------------

--
-- Estructura de tabla para la tabla `grupointercambio`
--

CREATE TABLE IF NOT EXISTS `grupointercambio` (
  `id` int(11) NOT NULL,
  `nombre` varchar(100) COLLATE utf8_spanish_ci NOT NULL
) ENGINE=InnoDB DEFAULT CHARSET=utf8 COLLATE=utf8_spanish_ci;

--
-- Volcado de datos para la tabla `grupointercambio`
--

INSERT INTO `grupointercambio` (`id`, `nombre`) VALUES
(1, 'Lácteos'),
(2, 'Proteínas'),
(3, 'Verdura'),
(4, 'Hidratos de carbono'),
(5, 'Frutas'),
(6, 'Grasas');

-- --------------------------------------------------------

--
-- Estructura de tabla para la tabla `patologia`
--

CREATE TABLE IF NOT EXISTS `patologia` (
  `id` int(11) NOT NULL,
  `nombre` varchar(100) COLLATE utf8_spanish_ci NOT NULL,
  `descripcion` text COLLATE utf8_spanish_ci
) ENGINE=InnoDB AUTO_INCREMENT=2 DEFAULT CHARSET=utf8 COLLATE=utf8_spanish_ci;

--
-- Volcado de datos para la tabla `patologia`
--

INSERT INTO `patologia` (`id`, `nombre`, `descripcion`) VALUES
(1, 'Nefropatía', NULL);

-- --------------------------------------------------------

--
-- Estructura de tabla para la tabla `patologiacliente`
--

CREATE TABLE IF NOT EXISTS `patologiacliente` (
  `idcliente` int(11) NOT NULL,
  `idpatologia` int(11) NOT NULL
) ENGINE=InnoDB DEFAULT CHARSET=utf8 COLLATE=utf8_spanish_ci;

-- --------------------------------------------------------

--
-- Estructura de tabla para la tabla `tablaintercambio`
--

CREATE TABLE IF NOT EXISTS `tablaintercambio` (
  `idcliente` int(11) NOT NULL,
  `idgrupo` int(11) NOT NULL,
  `valor` decimal(10,1) DEFAULT NULL,
  `fecha` date NOT NULL
) ENGINE=InnoDB DEFAULT CHARSET=utf8 COLLATE=utf8_spanish_ci;

-- --------------------------------------------------------

--
-- Estructura de tabla para la tabla `testdias`
--

CREATE TABLE IF NOT EXISTS `testdias` (
  `id` int(11) NOT NULL,
  `idcliente` int(11) NOT NULL,
  `idalimento` int(11) NOT NULL,
  `cantidad` decimal(10,2) NOT NULL,
  `momentodia` varchar(10) COLLATE utf8_spanish_ci NOT NULL
) ENGINE=InnoDB DEFAULT CHARSET=utf8 COLLATE=utf8_spanish_ci;

-- --------------------------------------------------------

--
-- Estructura de tabla para la tabla `tipoalimento`
--

CREATE TABLE IF NOT EXISTS `tipoalimento` (
  `id` int(11) NOT NULL,
  `nombre` varchar(200) COLLATE utf8_spanish_ci NOT NULL
) ENGINE=InnoDB AUTO_INCREMENT=27 DEFAULT CHARSET=utf8 COLLATE=utf8_spanish_ci;

--
-- Volcado de datos para la tabla `tipoalimento`
--

INSERT INTO `tipoalimento` (`id`, `nombre`) VALUES
(1, 'Bebidas lácticas'),
(2, 'Tipos de leches'),
(3, 'Añadidos a la leche'),
(4, 'Zumos'),
(5, 'Cereales'),
(6, 'Panes'),
(7, 'Derivados lácteos'),
(8, 'Galletas'),
(9, 'Bollería'),
(10, 'Dulces'),
(11, 'Aperitivos'),
(12, 'Legumbres'),
(13, 'Bebidas'),
(14, 'Aves y huevos'),
(15, 'Arroz y pasta'),
(16, 'Enlatados'),
(17, 'Conservas'),
(18, 'Carne'),
(19, 'Moluscos y crustáceos'),
(20, 'Pescados'),
(21, 'Verduras y hortalizas'),
(22, 'Salsas'),
(23, 'Preparados congelados'),
(24, 'Embutidos'),
(25, 'Frutas'),
(26, 'Fruta en conserva');

--
-- Índices para tablas volcadas
--

--
-- Indices de la tabla `actividadfisica`
--
ALTER TABLE `actividadfisica`
  ADD PRIMARY KEY (`id`);

--
-- Indices de la tabla `alimento`
--
ALTER TABLE `alimento`
  ADD PRIMARY KEY (`id`),
  ADD KEY `idtipoalimento` (`idtipoalimento`);

--
-- Indices de la tabla `cita`
--
ALTER TABLE `cita`
  ADD PRIMARY KEY (`cita`,`iddietista`),
  ADD KEY `iddietista` (`iddietista`),
  ADD KEY `idcliente` (`idcliente`);

--
-- Indices de la tabla `cliente`
--
ALTER TABLE `cliente`
  ADD PRIMARY KEY (`id`),
  ADD UNIQUE KEY `email` (`email`),
  ADD KEY `idactividad` (`idactividad`);

--
-- Indices de la tabla `dietista`
--
ALTER TABLE `dietista`
  ADD PRIMARY KEY (`id`);

--
-- Indices de la tabla `grupointercambio`
--
ALTER TABLE `grupointercambio`
  ADD PRIMARY KEY (`id`);

--
-- Indices de la tabla `patologia`
--
ALTER TABLE `patologia`
  ADD PRIMARY KEY (`id`);

--
-- Indices de la tabla `patologiacliente`
--
ALTER TABLE `patologiacliente`
  ADD PRIMARY KEY (`idcliente`,`idpatologia`),
  ADD KEY `idcliente` (`idcliente`),
  ADD KEY `idpatologia` (`idpatologia`);

--
-- Indices de la tabla `tablaintercambio`
--
ALTER TABLE `tablaintercambio`
  ADD PRIMARY KEY (`idcliente`,`idgrupo`),
  ADD KEY `fk_intercambio_grupo` (`idgrupo`);

--
-- Indices de la tabla `testdias`
--
ALTER TABLE `testdias`
  ADD PRIMARY KEY (`id`),
  ADD KEY `idcliente` (`idcliente`),
  ADD KEY `idalimento` (`idalimento`);

--
-- Indices de la tabla `tipoalimento`
--
ALTER TABLE `tipoalimento`
  ADD PRIMARY KEY (`id`);

--
-- AUTO_INCREMENT de las tablas volcadas
--

--
-- AUTO_INCREMENT de la tabla `actividadfisica`
--
ALTER TABLE `actividadfisica`
  MODIFY `id` int(11) NOT NULL AUTO_INCREMENT,AUTO_INCREMENT=5;
--
-- AUTO_INCREMENT de la tabla `alimento`
--
ALTER TABLE `alimento`
  MODIFY `id` int(11) NOT NULL AUTO_INCREMENT,AUTO_INCREMENT=294;
--
-- AUTO_INCREMENT de la tabla `cliente`
--
ALTER TABLE `cliente`
  MODIFY `id` int(11) NOT NULL AUTO_INCREMENT,AUTO_INCREMENT=7;
--
-- AUTO_INCREMENT de la tabla `dietista`
--
ALTER TABLE `dietista`
  MODIFY `id` int(11) NOT NULL AUTO_INCREMENT;
--
-- AUTO_INCREMENT de la tabla `patologia`
--
ALTER TABLE `patologia`
  MODIFY `id` int(11) NOT NULL AUTO_INCREMENT,AUTO_INCREMENT=2;
--
-- AUTO_INCREMENT de la tabla `testdias`
--
ALTER TABLE `testdias`
  MODIFY `id` int(11) NOT NULL AUTO_INCREMENT;
--
-- AUTO_INCREMENT de la tabla `tipoalimento`
--
ALTER TABLE `tipoalimento`
  MODIFY `id` int(11) NOT NULL AUTO_INCREMENT,AUTO_INCREMENT=27;
--
-- Restricciones para tablas volcadas
--

--
-- Filtros para la tabla `alimento`
--
ALTER TABLE `alimento`
  ADD CONSTRAINT `fk_alimento_tipo` FOREIGN KEY (`idtipoalimento`) REFERENCES `tipoalimento` (`id`) ON DELETE NO ACTION ON UPDATE NO ACTION;

--
-- Filtros para la tabla `cita`
--
ALTER TABLE `cita`
  ADD CONSTRAINT `fk_cita_cliente` FOREIGN KEY (`idcliente`) REFERENCES `cliente` (`id`) ON DELETE NO ACTION ON UPDATE NO ACTION,
  ADD CONSTRAINT `fk_cita_dietista` FOREIGN KEY (`iddietista`) REFERENCES `dietista` (`id`) ON DELETE NO ACTION ON UPDATE NO ACTION;

--
-- Filtros para la tabla `cliente`
--
ALTER TABLE `cliente`
  ADD CONSTRAINT `fk_cliente_actividad` FOREIGN KEY (`idactividad`) REFERENCES `actividadfisica` (`id`) ON DELETE NO ACTION ON UPDATE NO ACTION;

--
-- Filtros para la tabla `patologiacliente`
--
ALTER TABLE `patologiacliente`
  ADD CONSTRAINT `fk_patologia_cliente` FOREIGN KEY (`idcliente`) REFERENCES `cliente` (`id`) ON DELETE NO ACTION ON UPDATE NO ACTION,
  ADD CONSTRAINT `fk_patologia_patologia` FOREIGN KEY (`idpatologia`) REFERENCES `patologia` (`id`) ON DELETE NO ACTION ON UPDATE NO ACTION;

--
-- Filtros para la tabla `tablaintercambio`
--
ALTER TABLE `tablaintercambio`
  ADD CONSTRAINT `fk_intercambio_cliente` FOREIGN KEY (`idcliente`) REFERENCES `cliente` (`id`) ON DELETE NO ACTION ON UPDATE NO ACTION,
  ADD CONSTRAINT `fk_intercambio_grupo` FOREIGN KEY (`idgrupo`) REFERENCES `grupointercambio` (`id`) ON DELETE NO ACTION ON UPDATE NO ACTION;

--
-- Filtros para la tabla `testdias`
--
ALTER TABLE `testdias`
  ADD CONSTRAINT `fk_test_alimento` FOREIGN KEY (`idalimento`) REFERENCES `alimento` (`id`) ON DELETE NO ACTION ON UPDATE NO ACTION,
  ADD CONSTRAINT `fk_test_cliente` FOREIGN KEY (`idcliente`) REFERENCES `cliente` (`id`) ON DELETE NO ACTION ON UPDATE NO ACTION;

/*!40101 SET CHARACTER_SET_CLIENT=@OLD_CHARACTER_SET_CLIENT */;
/*!40101 SET CHARACTER_SET_RESULTS=@OLD_CHARACTER_SET_RESULTS */;
/*!40101 SET COLLATION_CONNECTION=@OLD_COLLATION_CONNECTION */;
